OrderID,CustomerID,ProductID,ProductName,Category,Quantity,unitprice,DiscountPercent,PaymentMethod,OrderStatus,OrderDate
1001,354,5012,"Winter Jacket",Clothing,5,104.61,15,UPI,Cancelled,2024-09-04
1002,122,5010,"Cotton T-Shirt",Clothing,2,14.96,20,PayPal,Returned,2025-02-26
1003,425,5012,"Winter Jacket",Clothing,5,97.94,15,"Cash on Delivery",Cancelled,2024-08-28
1004,382,5009,"Dumbbell Set",Sports,1,91.66,20,"Credit Card",Returned,2026-03-05
1005,113,5016,Blender,"Home & Kitchen",3,36.05,10,"Cash on Delivery",Shipped,2024-04-16
1006,322,5020,"Notebook Set",Stationery,3,6.71,15,"Cash on Delivery",Delivered,2023-10-08
1007,68,5010,"Cotton T-Shirt",Clothing,4,14.79,10,"Credit Card",Processing,2023-03-10
1008,277,5011,"Denim Jeans",Clothing,4,38.52,0,UPI,Returned,2023-12-26
1009,484,5017,"Table Lamp","Home & Kitchen",3,28.64,0,PayPal,Processing,2023-12-03
1010,495,5011,"Denim Jeans",Clothing,1,38.55,0,"Debit Card",Cancelled,2025-08-17
1011,136,5018,"Novel - Fiction",Books,3,11.86,20,"Net Banking",Delivered,2023-07-04
1012,327,5015,"Non-stick Pan","Home & Kitchen",3,24.69,10,UPI,Delivered,2024-06-20
1013,288,5008,"Water Bottle",Sports,4,12.98,10,UPI,Returned,2023-02-21
1014,210,5008,"Water Bottle",Sports,1,12.25,15,"Credit Card",Shipped,2025-08-08
1015,121,5002,"Bluetooth Headphones",Electronics,1,43.75,5,"Net Banking",Shipped,2024-09-15
1016,357,5013,Sneakers,Clothing,4,57.47,15,"Net Banking",Cancelled,2025-01-29
1017,251,5019,Cookbook,Books,2,18.23,15,"Net Banking",Cancelled,2025-04-29
1018,487,5009,"Dumbbell Set",Sports,1,89.48,0,"Debit Card",Processing,2025-01-28
1019,204,5004,"USB-C Cable",Electronics,3,9.85,15,UPI,Shipped,2026-01-20
1020,328,5004,"USB-C Cable",Electronics,4,9.70,15,"Net Banking",Delivered,2023-07-07
1021,106,5002,"Bluetooth Headphones",Electronics,3,46.81,0,"Credit Card",Returned,2024-05-13
1022,169,5007,"Running Shoes",Sports,5,67.40,20,"Debit Card",Returned,2024-03-18
1023,409,5001,"Wireless Mouse",Electronics,3,16.05,0,"Debit Card",Delivered,2023-10-24
1024,122,5001,"Wireless Mouse",Electronics,2,16.45,0,"Net Banking",Processing,2023-01-31
1025,216,5001,"Wireless Mouse",Electronics,2,15.39,0,"Net Banking",Delivered,2024-06-27
1026,304,5003,"Laptop Stand",Electronics,4,29.58,20,"Credit Card",Cancelled,2025-07-07
1027,466,5017,"Table Lamp","Home & Kitchen",2,28.12,0,"Cash on Delivery",Returned,2026-06-13
1028,434,5010,"Cotton T-Shirt",Clothing,4,15.74,0,PayPal,Cancelled,2023-03-05
1029,165,5004,"USB-C Cable",Electronics,4,10.39,0,"Net Banking",Shipped,2025-06-27
1030,281,5003,"Laptop Stand",Electronics,2,30.39,10,"Cash on Delivery",Processing,2024-07-17
1031,310,5013,Sneakers,Clothing,5,54.75,0,PayPal,Delivered,2025-12-22
1032,117,5004,"USB-C Cable",Electronics,5,9.94,5,PayPal,Processing,2024-03-16
1033,219,5015,"Non-stick Pan","Home & Kitchen",4,23.98,15,UPI,Processing,2025-05-01
1034,44,5012,"Winter Jacket",Clothing,2,95.90,0,"Credit Card",Cancelled,2025-08-29
1035,490,5004,"USB-C Cable",Electronics,3,9.55,10,"Net Banking",Returned,2023-09-24
1036,482,5011,"Denim Jeans",Clothing,1,41.48,0,PayPal,Delivered,2025-04-21
1037,260,5010,"Cotton T-Shirt",Clothing,5,14.40,0,"Debit Card",Shipped,2024-10-01
1038,189,5016,Blender,"Home & Kitchen",2,36.20,0,"Credit Card",Processing,2023-08-10
1039,393,5019,Cookbook,Books,2,19.11,20,"Net Banking",Returned,2025-05-28
1040,137,5018,"Novel - Fiction",Books,1,12.39,15,"Credit Card",Shipped,2026-06-01
1041,446,5009,"Dumbbell Set",Sports,3,85.55,0,"Debit Card",Returned,2024-11-26
1042,16,5013,Sneakers,Clothing,1,55.73,15,"Credit Card",Returned,2023-10-18
1043,190,5007,"Running Shoes",Sports,4,63.97,5,UPI,Processing,2025-05-09
1044,387,5019,Cookbook,Books,5,18.34,0,"Net Banking",Delivered,2023-06-23
1045,311,5003,"Laptop Stand",Electronics,3,29.76,15,PayPal,Cancelled,2025-06-26
1046,57,5009,"Dumbbell Set",Sports,2,88.60,0,UPI,Returned,2025-11-15
1047,307,5016,Blender,"Home & Kitchen",5,34.01,0,"Credit Card",Delivered,2024-09-23
1048,131,5007,"Running Shoes",Sports,3,62.64,20,UPI,Processing,2024-03-08
1049,67,5004,"USB-C Cable",Electronics,1,9.92,15,PayPal,Returned,2025-10-15
1050,182,5008,"Water Bottle",Sports,5,12.71,20,"Credit Card",Cancelled,2026-02-18
1051,442,5002,"Bluetooth Headphones",Electronics,4,47.42,5,UPI,Returned,2023-02-08
1052,149,5014,"Coffee Maker","Home & Kitchen",5,50.69,15,"Credit Card",Cancelled,2025-04-08
1053,236,5001,"Wireless Mouse",Electronics,3,16.71,20,"Cash on Delivery",Processing,2023-12-18
1054,206,5003,"Laptop Stand",Electronics,4,29.80,0,"Net Banking",Delivered,2023-08-05
1055,87,5013,Sneakers,Clothing,3,54.08,0,"Credit Card",Returned,2024-11-26
1056,179,5004,"USB-C Cable",Electronics,5,10.40,0,UPI,Shipped,2025-11-10
1057,309,5008,"Water Bottle",Sports,1,12.12,0,"Debit Card",Delivered,2023-10-27
1058,297,5006,"Yoga Mat",Sports,4,22.14,20,PayPal,Returned,2025-08-08
1059,241,5020,"Notebook Set",Stationery,3,6.95,0,PayPal,Processing,2024-10-09
1060,159,5009,"Dumbbell Set",Sports,5,90.06,0,PayPal,Cancelled,2023-04-26
1061,331,5002,"Bluetooth Headphones",Electronics,1,44.53,20,"Credit Card",Returned,2025-01-25
1062,489,5020,"Notebook Set",Stationery,5,7.05,5,"Cash on Delivery",Delivered,2025-02-26
1063,257,5015,"Non-stick Pan","Home & Kitchen",5,25.25,0,"Debit Card",Delivered,2024-01-21
1064,331,5015,"Non-stick Pan","Home & Kitchen",1,23.95,15,"Debit Card",Delivered,2024-12-04
1065,82,5008,"Water Bottle",Sports,4,12.53,10,UPI,Processing,2025-06-18
1066,307,5010,"Cotton T-Shirt",Clothing,4,14.75,20,"Credit Card",Processing,2025-04-17
1067,146,5003,"Laptop Stand",Electronics,3,30.52,10,UPI,Returned,2023-07-13
1068,470,5005,"Mechanical Keyboard",Electronics,3,81.30,10,UPI,Processing,2023-06-16
1069,159,5013,Sneakers,Clothing,2,57.41,15,"Net Banking",Cancelled,2026-05-03
1070,217,5011,"Denim Jeans",Clothing,2,40.57,0,"Net Banking",Processing,2025-12-14
1071,175,5001,"Wireless Mouse",Electronics,3,16.71,0,PayPal,Shipped,2024-09-24
1072,404,5008,"Water Bottle",Sports,2,12.24,0,"Credit Card",Returned,2023-11-14
1073,393,5018,"Novel - Fiction",Books,5,11.79,15,"Net Banking",Shipped,2023-03-19
1074,355,5020,"Notebook Set",Stationery,4,6.77,0,"Net Banking",Shipped,2023-11-12
1075,122,5015,"Non-stick Pan","Home & Kitchen",1,25.43,0,PayPal,Returned,2025-04-21
1076,495,5010,"Cotton T-Shirt",Clothing,4,14.60,10,PayPal,Shipped,2024-04-24
1077,399,5012,"Winter Jacket",Clothing,5,102.68,5,PayPal,Returned,2025-06-21
1078,310,5017,"Table Lamp","Home & Kitchen",4,26.67,20,"Debit Card",Processing,2023-11-28
1079,365,5002,"Bluetooth Headphones",Electronics,4,47.48,10,"Net Banking",Delivered,2025-01-30
1080,263,5010,"Cotton T-Shirt",Clothing,1,14.91,0,"Debit Card",Cancelled,2023-11-25
1081,213,5003,"Laptop Stand",Electronics,2,31.28,0,"Credit Card",Cancelled,2025-07-12
1082,192,5017,"Table Lamp","Home & Kitchen",3,28.86,5,"Debit Card",Delivered,2024-04-27
1083,20,5011,"Denim Jeans",Clothing,1,38.57,20,UPI,Cancelled,2024-11-17
1084,41,5005,"Mechanical Keyboard",Electronics,4,76.03,10,"Credit Card",Processing,2025-07-07
1085,217,5007,"Running Shoes",Sports,2,65.71,15,"Credit Card",Processing,2026-01-28
1086,328,5008,"Water Bottle",Sports,3,12.17,0,"Net Banking",Cancelled,2023-09-07
1087,324,5003,"Laptop Stand",Electronics,1,30.10,10,"Net Banking",Returned,2025-10-20
1088,181,5008,"Water Bottle",Sports,2,11.88,5,"Debit Card",Returned,2024-08-19
1089,35,5014,"Coffee Maker","Home & Kitchen",2,52.36,10,"Net Banking",Returned,2023-06-25
1090,241,5017,"Table Lamp","Home & Kitchen",5,27.20,0,"Credit Card",Cancelled,2026-02-08
1091,177,5012,"Winter Jacket",Clothing,3,102.87,0,"Debit Card",Delivered,2023-02-03
1092,174,5019,Cookbook,Books,3,18.71,0,"Cash on Delivery",Shipped,2023-10-01
1093,367,5015,"Non-stick Pan","Home & Kitchen",4,24.08,20,PayPal,Delivered,2024-01-09
1094,22,5010,"Cotton T-Shirt",Clothing,2,14.54,20,UPI,Processing,2023-03-31
1095,386,5017,"Table Lamp","Home & Kitchen",4,26.82,5,"Cash on Delivery",Shipped,2026-01-17
1096,140,5010,"Cotton T-Shirt",Clothing,3,15.22,20,"Credit Card",Processing,2023-04-08
1097,96,5014,"Coffee Maker","Home & Kitchen",4,49.19,5,PayPal,Cancelled,2025-06-19
1098,218,5012,"Winter Jacket",Clothing,5,95.82,20,"Credit Card",Cancelled,2024-06-30
1099,41,5020,"Notebook Set",Stationery,2,6.87,0,UPI,Processing,2026-01-22
1100,354,5010,"Cotton T-Shirt",Clothing,4,14.88,15,PayPal,Processing,2026-05-19
1101,141,5015,"Non-stick Pan","Home & Kitchen",1,26.23,10,"Cash on Delivery",Delivered,2024-12-23
1102,348,5003,"Laptop Stand",Electronics,4,30.89,10,"Debit Card",Delivered,2025-01-14
1103,121,5005,"Mechanical Keyboard",Electronics,5,77.00,0,"Cash on Delivery",Processing,2025-06-16
1104,348,5012,"Winter Jacket",Clothing,4,101.04,0,PayPal,Processing,2026-03-07
1105,188,5012,"Winter Jacket",Clothing,4,96.37,10,PayPal,Processing,2023-06-07
1106,256,5009,"Dumbbell Set",Sports,2,92.11,0,"Net Banking",Cancelled,2023-08-21
1107,229,5018,"Novel - Fiction",Books,1,11.70,20,"Debit Card",Returned,2024-06-20
1108,38,5010,"Cotton T-Shirt",Clothing,4,14.44,0,PayPal,Shipped,2024-02-14
1109,34,5015,"Non-stick Pan","Home & Kitchen",1,24.61,15,"Net Banking",Returned,2024-10-16
1110,359,5010,"Cotton T-Shirt",Clothing,3,15.30,15,"Cash on Delivery",Shipped,2023-11-19
1111,406,5012,"Winter Jacket",Clothing,5,104.84,0,"Debit Card",Shipped,2024-04-04
1112,240,5016,Blender,"Home & Kitchen",1,35.24,10,"Net Banking",Shipped,2025-01-09
1113,368,5020,"Notebook Set",Stationery,1,6.92,0,"Cash on Delivery",Cancelled,2023-05-15
1114,65,5017,"Table Lamp","Home & Kitchen",4,27.71,20,UPI,Delivered,2025-04-18
1115,425,5015,"Non-stick Pan","Home & Kitchen",4,24.06,0,"Net Banking",Returned,2025-11-25
1116,29,5006,"Yoga Mat",Sports,2,22.90,10,"Credit Card",Returned,2025-06-05
1117,364,5005,"Mechanical Keyboard",Electronics,3,78.57,0,"Debit Card",Processing,2023-12-04
1118,490,5017,"Table Lamp","Home & Kitchen",3,26.66,0,"Net Banking",Processing,2023-06-11
1119,329,5005,"Mechanical Keyboard",Electronics,3,76.74,10,"Debit Card",Returned,2026-06-12
1120,462,5019,Cookbook,Books,2,19.23,15,"Net Banking",Processing,2023-12-17
1121,329,5019,Cookbook,Books,1,18.13,0,"Net Banking",Processing,2023-02-28
1122,255,5007,"Running Shoes",Sports,5,65.90,10,"Cash on Delivery",Returned,2025-05-03
1123,351,5010,"Cotton T-Shirt",Clothing,3,15.45,0,PayPal,Processing,2025-09-16
1124,248,5015,"Non-stick Pan","Home & Kitchen",1,24.84,0,PayPal,Shipped,2023-05-03
1125,164,5011,"Denim Jeans",Clothing,5,41.44,0,"Cash on Delivery",Processing,2023-10-22
1126,164,5013,Sneakers,Clothing,2,55.34,10,"Debit Card",Cancelled,2025-01-28
1127,26,5004,"USB-C Cable",Electronics,3,9.63,0,UPI,Cancelled,2025-07-09
1128,417,5020,"Notebook Set",Stationery,4,7.27,20,UPI,Returned,2024-05-23
1129,240,5011,"Denim Jeans",Clothing,2,41.97,5,PayPal,Processing,2023-11-23
1130,495,5016,Blender,"Home & Kitchen",1,35.01,5,"Debit Card",Shipped,2023-07-04
1131,306,5019,Cookbook,Books,3,18.57,0,"Cash on Delivery",Cancelled,2023-04-10
1132,69,5010,"Cotton T-Shirt",Clothing,5,14.40,20,UPI,Processing,2023-01-17
1133,288,5013,Sneakers,Clothing,3,52.53,5,"Debit Card",Processing,2023-04-03
1134,392,5018,"Novel - Fiction",Books,3,12.00,5,"Net Banking",Processing,2023-05-31
1135,202,5020,"Notebook Set",Stationery,5,7.32,0,UPI,Processing,2023-09-01
1136,206,5018,"Novel - Fiction",Books,3,12.11,0,"Net Banking",Delivered,2023-10-23
1137,243,5002,"Bluetooth Headphones",Electronics,1,44.74,15,"Net Banking",Cancelled,2023-10-08
1138,314,5005,"Mechanical Keyboard",Electronics,5,78.61,0,UPI,Shipped,2025-11-21
1139,425,5013,Sneakers,Clothing,5,54.10,10,"Net Banking",Returned,2024-09-04
1140,189,5016,Blender,"Home & Kitchen",5,36.09,5,UPI,Delivered,2024-09-05
1141,447,5014,"Coffee Maker","Home & Kitchen",5,51.98,20,"Cash on Delivery",Delivered,2024-09-22
1142,398,5020,"Notebook Set",Stationery,4,7.19,15,"Net Banking",Returned,2024-06-27
1143,323,5008,"Water Bottle",Sports,1,12.09,5,"Cash on Delivery",Returned,2026-04-10
1144,359,5013,Sneakers,Clothing,2,55.40,0,"Credit Card",Shipped,2024-05-11
1145,354,5001,"Wireless Mouse",Electronics,4,15.43,5,"Debit Card",Cancelled,2024-10-04
1146,373,5017,"Table Lamp","Home & Kitchen",5,28.46,20,"Credit Card",Shipped,2025-08-23
1147,245,5017,"Table Lamp","Home & Kitchen",2,28.87,0,"Net Banking",Cancelled,2026-02-22
1148,182,5011,"Denim Jeans",Clothing,2,39.36,10,"Cash on Delivery",Processing,2025-07-30
1149,153,5020,"Notebook Set",Stationery,4,6.84,0,"Debit Card",Processing,2024-01-29
1150,287,5010,"Cotton T-Shirt",Clothing,2,14.96,0,"Cash on Delivery",Processing,2025-09-28
1151,459,5010,"Cotton T-Shirt",Clothing,1,15.05,15,PayPal,Processing,2026-03-20
1152,41,5005,"Mechanical Keyboard",Electronics,3,83.63,0,UPI,Cancelled,2023-03-28
1153,139,5009,"Dumbbell Set",Sports,4,92.94,0,"Net Banking",Processing,2024-03-14
1154,125,5005,"Mechanical Keyboard",Electronics,1,80.68,15,"Credit Card",Returned,2026-06-14
1155,368,5008,"Water Bottle",Sports,2,12.39,0,PayPal,Delivered,2023-04-18
1156,479,5005,"Mechanical Keyboard",Electronics,1,79.25,0,PayPal,Cancelled,2026-02-01
1157,465,5007,"Running Shoes",Sports,3,65.95,0,"Credit Card",Returned,2024-10-19
1158,429,5008,"Water Bottle",Sports,5,12.40,0,"Debit Card",Delivered,2023-03-18
1159,475,5013,Sneakers,Clothing,4,57.54,15,UPI,Delivered,2024-01-17
1160,172,5001,"Wireless Mouse",Electronics,3,15.36,10,UPI,Cancelled,2026-03-09
1161,240,5018,"Novel - Fiction",Books,5,12.41,0,UPI,Shipped,2025-10-08
1162,132,5004,"USB-C Cable",Electronics,3,9.95,15,"Cash on Delivery",Shipped,2023-11-29
1163,99,5001,"Wireless Mouse",Electronics,3,16.27,10,"Debit Card",Returned,2024-08-27
1164,343,5013,Sneakers,Clothing,4,52.73,0,"Credit Card",Shipped,2025-11-21
1165,197,5005,"Mechanical Keyboard",Electronics,4,76.05,0,"Debit Card",Cancelled,2024-10-24
1166,6,5009,"Dumbbell Set",Sports,3,92.00,10,UPI,Processing,2024-09-10
1167,208,5008,"Water Bottle",Sports,1,12.26,5,"Cash on Delivery",Returned,2023-08-31
1168,113,5010,"Cotton T-Shirt",Clothing,1,15.16,0,"Debit Card",Cancelled,2024-08-27
1169,282,5005,"Mechanical Keyboard",Electronics,4,79.32,0,PayPal,Returned,2026-05-25
1170,270,5007,"Running Shoes",Sports,2,66.87,20,PayPal,Returned,2026-05-05
1171,281,5012,"Winter Jacket",Clothing,1,95.61,0,"Net Banking",Shipped,2026-03-01
1172,267,5019,Cookbook,Books,5,18.66,0,PayPal,Delivered,2023-11-03
1173,229,5007,"Running Shoes",Sports,5,67.59,0,"Credit Card",Cancelled,2025-09-28
1174,287,5005,"Mechanical Keyboard",Electronics,5,80.50,5,PayPal,Processing,2025-04-30
1175,112,5001,"Wireless Mouse",Electronics,4,15.20,20,"Net Banking",Delivered,2024-06-05
1176,31,5002,"Bluetooth Headphones",Electronics,4,43.52,15,"Credit Card",Cancelled,2024-12-06
1177,393,5002,"Bluetooth Headphones",Electronics,3,46.72,0,"Cash on Delivery",Cancelled,2025-04-17
1178,194,5012,"Winter Jacket",Clothing,4,104.16,20,PayPal,Delivered,2025-07-07
1179,276,5018,"Novel - Fiction",Books,2,11.60,0,PayPal,Returned,2024-12-13
1180,153,5005,"Mechanical Keyboard",Electronics,2,76.17,20,PayPal,Returned,2023-01-08
1181,236,5014,"Coffee Maker","Home & Kitchen",5,48.64,20,UPI,Shipped,2025-02-15
1182,215,5009,"Dumbbell Set",Sports,2,92.77,0,"Net Banking",Delivered,2023-08-20
1183,229,5008,"Water Bottle",Sports,2,12.62,0,"Net Banking",Delivered,2023-05-18
1184,112,5008,"Water Bottle",Sports,1,12.17,5,"Credit Card",Shipped,2025-04-03
1185,295,5017,"Table Lamp","Home & Kitchen",3,28.65,20,UPI,Returned,2024-04-24
1186,339,5020,"Notebook Set",Stationery,3,7.25,0,"Net Banking",Shipped,2024-04-30
1187,303,5014,"Coffee Maker","Home & Kitchen",3,50.27,0,"Cash on Delivery",Shipped,2024-07-17
1188,483,5014,"Coffee Maker","Home & Kitchen",5,52.35,0,"Cash on Delivery",Cancelled,2025-10-12
1189,193,5017,"Table Lamp","Home & Kitchen",3,26.54,5,"Debit Card",Returned,2025-05-02
1190,74,5016,Blender,"Home & Kitchen",2,36.24,0,PayPal,Delivered,2024-04-06
1191,199,5018,"Novel - Fiction",Books,4,12.03,10,"Debit Card",Processing,2025-05-03
1192,48,5007,"Running Shoes",Sports,3,67.26,5,"Net Banking",Shipped,2023-06-11
1193,21,5002,"Bluetooth Headphones",Electronics,3,45.98,15,"Credit Card",Shipped,2025-02-11
1194,465,5019,Cookbook,Books,5,18.44,5,UPI,Processing,2024-03-20
1195,387,5001,"Wireless Mouse",Electronics,2,15.38,15,PayPal,Shipped,2024-01-25
1196,398,5020,"Notebook Set",Stationery,2,7.03,0,UPI,Cancelled,2025-03-23
1197,263,5015,"Non-stick Pan","Home & Kitchen",5,24.39,0,PayPal,Cancelled,2025-01-05
1198,212,5004,"USB-C Cable",Electronics,4,9.86,0,"Credit Card",Returned,2024-10-17
1199,300,5008,"Water Bottle",Sports,2,12.57,0,"Net Banking",Cancelled,2023-02-03
1200,292,5010,"Cotton T-Shirt",Clothing,2,14.59,0,"Debit Card",Cancelled,2024-02-06
1201,495,5018,"Novel - Fiction",Books,3,12.38,20,"Cash on Delivery",Cancelled,2024-06-11
1202,280,5015,"Non-stick Pan","Home & Kitchen",2,24.09,0,PayPal,Shipped,2024-12-22
1203,39,5018,"Novel - Fiction",Books,1,12.40,0,"Cash on Delivery",Delivered,2025-12-09
1204,35,5001,"Wireless Mouse",Electronics,4,16.20,20,"Cash on Delivery",Shipped,2023-10-09
1205,317,5001,"Wireless Mouse",Electronics,2,15.79,5,"Cash on Delivery",Returned,2025-11-01
1206,211,5016,Blender,"Home & Kitchen",4,35.10,0,"Credit Card",Delivered,2023-02-02
1207,417,5017,"Table Lamp","Home & Kitchen",3,26.17,0,"Cash on Delivery",Cancelled,2026-01-02
1208,99,5006,"Yoga Mat",Sports,1,21.23,10,"Net Banking",Returned,2023-07-17
1209,192,5009,"Dumbbell Set",Sports,3,89.06,20,PayPal,Cancelled,2024-07-01
1210,435,5019,Cookbook,Books,2,19.34,0,"Credit Card",Delivered,2024-04-07
1211,29,5003,"Laptop Stand",Electronics,4,30.15,5,"Cash on Delivery",Delivered,2025-02-15
1212,402,5006,"Yoga Mat",Sports,1,21.85,20,UPI,Returned,2025-10-20
1213,445,5004,"USB-C Cable",Electronics,5,9.70,0,"Cash on Delivery",Returned,2023-03-29
1214,144,5016,Blender,"Home & Kitchen",3,35.64,0,"Net Banking",Returned,2023-04-06
1215,301,5002,"Bluetooth Headphones",Electronics,2,47.60,0,"Debit Card",Cancelled,2024-10-06
1216,428,5003,"Laptop Stand",Electronics,3,29.21,10,PayPal,Returned,2023-11-29
1217,371,5011,"Denim Jeans",Clothing,4,41.94,20,"Credit Card",Returned,2023-10-14
1218,39,5012,"Winter Jacket",Clothing,1,97.31,5,UPI,Returned,2023-07-20
1219,325,5020,"Notebook Set",Stationery,5,6.87,20,UPI,Cancelled,2025-03-23
1220,222,5016,Blender,"Home & Kitchen",2,36.53,10,"Debit Card",Returned,2024-12-29
1221,366,5013,Sneakers,Clothing,1,56.64,0,"Credit Card",Delivered,2026-06-20
1222,79,5009,"Dumbbell Set",Sports,2,92.54,15,"Cash on Delivery",Cancelled,2025-02-17
1223,158,5011,"Denim Jeans",Clothing,3,38.01,0,PayPal,Processing,2023-08-07
1224,230,5009,"Dumbbell Set",Sports,1,87.18,0,"Net Banking",Returned,2023-09-29
1225,284,5017,"Table Lamp","Home & Kitchen",4,26.37,0,"Credit Card",Returned,2023-07-31
1226,199,5020,"Notebook Set",Stationery,3,6.84,0,"Credit Card",Returned,2025-02-27
1227,87,5008,"Water Bottle",Sports,5,12.73,0,"Debit Card",Processing,2025-12-03
1228,223,5010,"Cotton T-Shirt",Clothing,3,14.34,0,UPI,Cancelled,2025-10-06
1229,127,5010,"Cotton T-Shirt",Clothing,4,14.62,0,"Cash on Delivery",Cancelled,2023-06-07
1230,156,5020,"Notebook Set",Stationery,5,6.72,5,"Credit Card",Cancelled,2024-02-05
1231,226,5011,"Denim Jeans",Clothing,5,41.44,20,UPI,Cancelled,2025-02-17
1232,356,5020,"Notebook Set",Stationery,2,7.06,0,"Debit Card",Cancelled,2024-09-07
1233,356,5011,"Denim Jeans",Clothing,2,39.16,0,"Cash on Delivery",Cancelled,2025-03-26
1234,403,5019,Cookbook,Books,2,18.57,5,PayPal,Processing,2024-10-29
1235,93,5004,"USB-C Cable",Electronics,5,10.49,10,"Cash on Delivery",Returned,2024-02-14
1236,426,5001,"Wireless Mouse",Electronics,4,16.47,5,"Cash on Delivery",Delivered,2024-03-05
1237,130,5014,"Coffee Maker","Home & Kitchen",4,49.00,15,"Cash on Delivery",Shipped,2023-10-13
1238,246,5014,"Coffee Maker","Home & Kitchen",4,52.44,5,"Net Banking",Cancelled,2023-06-01
1239,496,5018,"Novel - Fiction",Books,5,11.43,10,UPI,Returned,2025-05-06
1240,341,5020,"Notebook Set",Stationery,1,6.81,20,UPI,Shipped,2023-08-12
1241,205,5020,"Notebook Set",Stationery,1,7.11,15,UPI,Cancelled,2026-02-27
1242,383,5004,"USB-C Cable",Electronics,1,9.71,0,"Net Banking",Returned,2023-07-21
1243,238,5019,Cookbook,Books,5,18.75,5,"Cash on Delivery",Returned,2024-03-28
1244,152,5017,"Table Lamp","Home & Kitchen",2,27.45,0,PayPal,Delivered,2024-12-07
1245,402,5004,"USB-C Cable",Electronics,2,9.83,0,"Debit Card",Returned,2024-12-14
1246,357,5016,Blender,"Home & Kitchen",3,34.77,0,PayPal,Processing,2025-09-02
1247,12,5003,"Laptop Stand",Electronics,3,30.62,20,UPI,Delivered,2023-04-02
1248,170,5006,"Yoga Mat",Sports,2,22.11,0,"Net Banking",Cancelled,2025-11-22
1249,328,5015,"Non-stick Pan","Home & Kitchen",2,24.20,15,"Cash on Delivery",Cancelled,2025-04-09
1250,220,5013,Sneakers,Clothing,1,54.72,0,PayPal,Delivered,2026-06-11
1251,408,5007,"Running Shoes",Sports,2,66.32,20,"Credit Card",Returned,2024-07-24
1252,235,5004,"USB-C Cable",Electronics,5,9.82,0,"Credit Card",Processing,2024-01-18
1253,201,5016,Blender,"Home & Kitchen",5,34.60,10,"Net Banking",Delivered,2024-10-03
1254,345,5012,"Winter Jacket",Clothing,3,96.72,10,"Cash on Delivery",Processing,2025-07-26
1255,61,5020,"Notebook Set",Stationery,5,6.73,15,"Debit Card",Processing,2023-06-23
1256,199,5004,"USB-C Cable",Electronics,2,9.63,15,PayPal,Returned,2025-02-03
1257,326,5005,"Mechanical Keyboard",Electronics,5,77.48,5,"Net Banking",Shipped,2025-02-24
1258,162,5018,"Novel - Fiction",Books,2,11.56,0,PayPal,Returned,2025-09-29
1259,418,5002,"Bluetooth Headphones",Electronics,3,43.85,5,PayPal,Returned,2023-01-20
1260,364,5017,"Table Lamp","Home & Kitchen",4,27.48,15,PayPal,Cancelled,2025-04-17
1261,113,5006,"Yoga Mat",Sports,1,22.65,0,UPI,Delivered,2026-03-03
1262,235,5009,"Dumbbell Set",Sports,2,87.00,0,"Net Banking",Cancelled,2026-01-06
1263,397,5018,"Novel - Fiction",Books,5,11.53,10,"Net Banking",Processing,2023-08-20
1264,218,5018,"Novel - Fiction",Books,1,11.65,10,"Credit Card",Shipped,2025-06-22
1265,419,5010,"Cotton T-Shirt",Clothing,1,14.76,0,"Credit Card",Cancelled,2025-07-10
1266,353,5004,"USB-C Cable",Electronics,2,10.23,20,UPI,Returned,2024-03-05
1267,417,5014,"Coffee Maker","Home & Kitchen",2,51.41,0,"Debit Card",Delivered,2026-06-15
1268,87,5019,Cookbook,Books,3,19.17,0,UPI,Processing,2025-12-26
1269,461,5010,"Cotton T-Shirt",Clothing,5,15.01,20,"Cash on Delivery",Delivered,2024-07-01
1270,65,5005,"Mechanical Keyboard",Electronics,4,82.93,0,"Cash on Delivery",Shipped,2023-05-02
1271,432,5008,"Water Bottle",Sports,2,12.18,20,"Cash on Delivery",Cancelled,2024-10-21
1272,213,5016,Blender,"Home & Kitchen",2,34.18,15,PayPal,Cancelled,2026-03-28
1273,356,5003,"Laptop Stand",Electronics,1,30.74,10,UPI,Cancelled,2025-04-05
1274,434,5016,Blender,"Home & Kitchen",3,36.28,0,"Cash on Delivery",Delivered,2026-04-06
1275,112,5015,"Non-stick Pan","Home & Kitchen",3,25.08,20,PayPal,Shipped,2023-05-10
1276,281,5016,Blender,"Home & Kitchen",3,34.23,20,"Net Banking",Shipped,2024-10-23
1277,24,5019,Cookbook,Books,4,19.49,15,"Credit Card",Cancelled,2024-12-04
1278,491,5001,"Wireless Mouse",Electronics,1,15.92,5,PayPal,Shipped,2023-11-20
1279,141,5005,"Mechanical Keyboard",Electronics,3,83.45,20,"Credit Card",Processing,2023-11-22
1280,85,5009,"Dumbbell Set",Sports,1,93.62,15,"Credit Card",Cancelled,2025-01-31
1281,49,5010,"Cotton T-Shirt",Clothing,2,14.38,15,"Credit Card",Shipped,2025-05-29
1282,349,5016,Blender,"Home & Kitchen",1,34.03,10,PayPal,Delivered,2023-09-29
1283,68,5001,"Wireless Mouse",Electronics,3,15.87,20,PayPal,Delivered,2023-09-04
1284,53,5008,"Water Bottle",Sports,4,12.88,15,UPI,Processing,2023-07-02
1285,448,5010,"Cotton T-Shirt",Clothing,2,15.46,20,"Debit Card",Shipped,2025-02-22
1286,85,5003,"Laptop Stand",Electronics,5,30.32,0,PayPal,Processing,2026-02-27
1287,441,5007,"Running Shoes",Sports,2,66.21,10,"Debit Card",Delivered,2025-04-23
1288,180,5004,"USB-C Cable",Electronics,2,10.22,10,PayPal,Processing,2023-09-10
1289,284,5005,"Mechanical Keyboard",Electronics,2,76.66,15,"Net Banking",Returned,2024-07-21
1290,449,5020,"Notebook Set",Stationery,3,7.23,20,UPI,Shipped,2023-02-24
1291,152,5017,"Table Lamp","Home & Kitchen",5,28.18,0,"Cash on Delivery",Delivered,2025-11-09
1292,327,5008,"Water Bottle",Sports,4,12.18,0,"Net Banking",Delivered,2025-03-01
1293,441,5017,"Table Lamp","Home & Kitchen",1,26.49,0,"Net Banking",Cancelled,2025-01-09
1294,395,5012,"Winter Jacket",Clothing,5,99.70,20,"Credit Card",Delivered,2023-12-20
1295,473,5019,Cookbook,Books,1,18.45,0,"Credit Card",Cancelled,2023-01-29
1296,360,5017,"Table Lamp","Home & Kitchen",3,27.27,20,PayPal,Delivered,2025-10-23
1297,159,5018,"Novel - Fiction",Books,5,11.72,0,"Credit Card",Returned,2026-06-15
1298,325,5007,"Running Shoes",Sports,2,64.29,0,"Cash on Delivery",Delivered,2026-01-03
1299,474,5010,"Cotton T-Shirt",Clothing,4,14.61,0,PayPal,Delivered,2024-05-03
1300,380,5015,"Non-stick Pan","Home & Kitchen",5,24.51,0,"Cash on Delivery",Shipped,2026-05-31
1301,255,5004,"USB-C Cable",Electronics,1,9.50,15,UPI,Returned,2023-10-09
1302,400,5017,"Table Lamp","Home & Kitchen",3,26.47,0,UPI,Delivered,2023-12-08
1303,135,5001,"Wireless Mouse",Electronics,3,16.03,0,"Cash on Delivery",Returned,2025-05-29
1304,256,5003,"Laptop Stand",Electronics,4,29.57,10,"Net Banking",Shipped,2025-07-21
1305,294,5012,"Winter Jacket",Clothing,2,96.02,20,"Cash on Delivery",Delivered,2024-06-06
1306,7,5008,"Water Bottle",Sports,5,12.95,0,"Debit Card",Delivered,2023-01-06
1307,492,5016,Blender,"Home & Kitchen",3,33.87,0,"Credit Card",Returned,2025-02-23
1308,369,5014,"Coffee Maker","Home & Kitchen",2,49.57,0,UPI,Processing,2024-10-21
1309,462,5003,"Laptop Stand",Electronics,5,30.00,0,"Credit Card",Shipped,2025-02-02
1310,239,5008,"Water Bottle",Sports,5,11.96,5,UPI,Processing,2023-04-05
1311,103,5011,"Denim Jeans",Clothing,1,38.02,5,UPI,Returned,2026-02-06
1312,498,5010,"Cotton T-Shirt",Clothing,5,14.79,5,PayPal,Shipped,2024-05-11
1313,13,5018,"Novel - Fiction",Books,2,12.51,0,"Debit Card",Returned,2023-11-05
1314,193,5012,"Winter Jacket",Clothing,1,102.58,0,"Cash on Delivery",Processing,2024-11-17
1315,493,5004,"USB-C Cable",Electronics,2,9.91,0,"Credit Card",Shipped,2025-12-21
1316,267,5009,"Dumbbell Set",Sports,1,93.57,0,PayPal,Processing,2023-03-31
1317,327,5015,"Non-stick Pan","Home & Kitchen",1,25.00,0,PayPal,Delivered,2026-04-04
1318,67,5019,Cookbook,Books,5,19.30,5,"Debit Card",Processing,2023-05-08
1319,168,5009,"Dumbbell Set",Sports,3,92.98,15,UPI,Cancelled,2025-03-15
1320,395,5009,"Dumbbell Set",Sports,2,86.72,0,"Net Banking",Delivered,2023-06-02
1321,209,5005,"Mechanical Keyboard",Electronics,1,79.72,5,"Credit Card",Returned,2023-12-03
1322,437,5012,"Winter Jacket",Clothing,2,99.62,0,"Credit Card",Delivered,2025-07-14
1323,439,5006,"Yoga Mat",Sports,3,21.37,0,UPI,Shipped,2026-05-20
1324,347,5003,"Laptop Stand",Electronics,2,30.03,5,UPI,Processing,2024-12-29
1325,384,5006,"Yoga Mat",Sports,1,21.89,20,"Net Banking",Shipped,2025-04-08
1326,63,5004,"USB-C Cable",Electronics,4,10.28,20,"Credit Card",Delivered,2023-07-28
1327,352,5008,"Water Bottle",Sports,2,12.38,20,"Cash on Delivery",Delivered,2024-02-10
1328,34,5019,Cookbook,Books,5,18.18,20,"Debit Card",Cancelled,2024-06-14
1329,237,5005,"Mechanical Keyboard",Electronics,1,76.33,0,"Credit Card",Shipped,2024-11-10
1330,350,5019,Cookbook,Books,4,18.10,5,PayPal,Shipped,2025-03-19
1331,453,5012,"Winter Jacket",Clothing,2,97.79,0,"Debit Card",Delivered,2024-01-19
1332,256,5020,"Notebook Set",Stationery,5,7.09,0,PayPal,Returned,2026-06-17
1333,215,5016,Blender,"Home & Kitchen",1,34.58,0,"Debit Card",Returned,2023-06-29
1334,184,5008,"Water Bottle",Sports,5,12.85,5,PayPal,Returned,2023-02-09
1335,139,5016,Blender,"Home & Kitchen",3,34.37,10,"Debit Card",Delivered,2026-03-04
1336,399,5011,"Denim Jeans",Clothing,5,41.57,0,UPI,Delivered,2024-03-24
1337,120,5016,Blender,"Home & Kitchen",5,35.28,20,"Debit Card",Delivered,2025-01-02
1338,470,5008,"Water Bottle",Sports,2,12.90,10,"Cash on Delivery",Delivered,2024-06-29
1339,433,5008,"Water Bottle",Sports,5,13.04,0,"Debit Card",Shipped,2025-03-06
1340,184,5008,"Water Bottle",Sports,5,12.80,20,"Net Banking",Delivered,2024-10-13
1341,97,5012,"Winter Jacket",Clothing,5,100.62,0,PayPal,Returned,2026-02-28
1342,120,5010,"Cotton T-Shirt",Clothing,2,14.38,0,"Net Banking",Shipped,2025-10-01
1343,315,5001,"Wireless Mouse",Electronics,5,15.72,0,"Debit Card",Shipped,2025-09-05
1344,301,5011,"Denim Jeans",Clothing,2,38.08,0,"Cash on Delivery",Shipped,2024-10-24
1345,483,5004,"USB-C Cable",Electronics,5,9.86,0,"Cash on Delivery",Cancelled,2025-01-17
1346,500,5019,Cookbook,Books,1,18.65,0,"Debit Card",Cancelled,2024-11-20
1347,356,5016,Blender,"Home & Kitchen",3,36.63,15,"Net Banking",Processing,2023-12-23
1348,353,5008,"Water Bottle",Sports,5,12.26,5,UPI,Shipped,2023-12-26
1349,395,5006,"Yoga Mat",Sports,1,22.77,5,"Net Banking",Delivered,2026-03-19
1350,114,5006,"Yoga Mat",Sports,5,23.03,20,"Cash on Delivery",Returned,2024-10-13
1351,122,5004,"USB-C Cable",Electronics,4,10.24,0,UPI,Processing,2023-10-16
1352,108,5006,"Yoga Mat",Sports,1,20.93,5,"Debit Card",Delivered,2024-11-18
1353,198,5012,"Winter Jacket",Clothing,3,95.00,15,PayPal,Cancelled,2023-08-10
1354,193,5006,"Yoga Mat",Sports,4,21.67,5,"Credit Card",Cancelled,2025-10-06
1355,434,5019,Cookbook,Books,2,18.18,5,"Credit Card",Processing,2023-11-30
1356,88,5001,"Wireless Mouse",Electronics,3,15.31,0,PayPal,Shipped,2024-06-18
1357,315,5003,"Laptop Stand",Electronics,5,30.27,0,PayPal,Delivered,2023-07-10
1358,52,5014,"Coffee Maker","Home & Kitchen",2,48.28,5,UPI,Shipped,2026-05-28
1359,277,5007,"Running Shoes",Sports,4,67.77,15,UPI,Processing,2026-02-08
1360,282,5010,"Cotton T-Shirt",Clothing,2,14.83,0,PayPal,Shipped,2023-07-16
1361,422,5002,"Bluetooth Headphones",Electronics,3,43.62,5,"Cash on Delivery",Returned,2023-01-08
1362,327,5016,Blender,"Home & Kitchen",2,33.96,0,UPI,Delivered,2023-07-18
1363,251,5016,Blender,"Home & Kitchen",1,34.63,20,"Cash on Delivery",Processing,2024-09-23
1364,196,5003,"Laptop Stand",Electronics,5,29.60,0,UPI,Shipped,2025-03-04
1365,116,5015,"Non-stick Pan","Home & Kitchen",1,24.90,5,UPI,Returned,2024-06-23
1366,414,5002,"Bluetooth Headphones",Electronics,2,46.27,0,"Net Banking",Cancelled,2023-07-18
1367,420,5019,Cookbook,Books,2,19.64,0,"Net Banking",Cancelled,2026-02-07
1368,41,5018,"Novel - Fiction",Books,4,11.96,0,PayPal,Delivered,2026-03-18
1369,318,5017,"Table Lamp","Home & Kitchen",5,27.70,20,"Debit Card",Delivered,2025-11-24
1370,65,5015,"Non-stick Pan","Home & Kitchen",2,25.76,0,"Credit Card",Cancelled,2023-12-09
1371,428,5003,"Laptop Stand",Electronics,4,30.37,20,"Net Banking",Processing,2024-02-18
1372,283,5011,"Denim Jeans",Clothing,1,40.22,5,UPI,Processing,2023-06-28
1373,301,5017,"Table Lamp","Home & Kitchen",4,28.05,20,"Net Banking",Cancelled,2023-01-26
1374,299,5004,"USB-C Cable",Electronics,4,10.06,0,"Credit Card",Delivered,2023-11-03
1375,177,5019,Cookbook,Books,1,19.06,20,PayPal,Processing,2024-08-08
1376,89,5013,Sneakers,Clothing,4,54.85,10,UPI,Cancelled,2026-03-17
1377,20,5005,"Mechanical Keyboard",Electronics,5,81.54,15,PayPal,Processing,2026-05-31
1378,11,5008,"Water Bottle",Sports,1,13.00,0,UPI,Processing,2025-08-31
1379,51,5010,"Cotton T-Shirt",Clothing,3,15.28,20,"Debit Card",Shipped,2025-10-03
1380,310,5010,"Cotton T-Shirt",Clothing,4,15.33,0,"Cash on Delivery",Delivered,2024-10-19
1381,249,5007,"Running Shoes",Sports,4,64.40,20,"Net Banking",Processing,2024-03-08
1382,260,5002,"Bluetooth Headphones",Electronics,5,44.64,0,PayPal,Shipped,2023-11-22
1383,427,5017,"Table Lamp","Home & Kitchen",5,26.66,0,"Debit Card",Delivered,2023-03-01
1384,361,5008,"Water Bottle",Sports,1,13.02,0,"Debit Card",Processing,2025-07-23
1385,64,5012,"Winter Jacket",Clothing,4,101.34,5,"Cash on Delivery",Delivered,2025-10-31
1386,492,5008,"Water Bottle",Sports,3,12.43,10,PayPal,Returned,2025-09-28
1387,133,5018,"Novel - Fiction",Books,3,12.39,0,"Cash on Delivery",Delivered,2024-12-06
1388,293,5010,"Cotton T-Shirt",Clothing,1,14.48,0,"Debit Card",Shipped,2025-03-02
1389,11,5008,"Water Bottle",Sports,2,12.39,15,"Cash on Delivery",Delivered,2024-07-05
1390,115,5016,Blender,"Home & Kitchen",2,36.04,10,UPI,Returned,2023-12-21
1391,236,5010,"Cotton T-Shirt",Clothing,3,15.52,5,UPI,Shipped,2025-05-17
1392,300,5015,"Non-stick Pan","Home & Kitchen",3,25.30,20,"Credit Card",Delivered,2025-12-02
1393,145,5017,"Table Lamp","Home & Kitchen",3,27.76,15,UPI,Delivered,2026-02-23
1394,442,5016,Blender,"Home & Kitchen",1,35.48,0,UPI,Processing,2024-11-19
1395,461,5010,"Cotton T-Shirt",Clothing,2,15.39,10,"Credit Card",Returned,2023-11-04
1396,255,5013,Sneakers,Clothing,3,52.39,15,UPI,Processing,2023-10-14
1397,363,5014,"Coffee Maker","Home & Kitchen",4,47.67,15,"Net Banking",Shipped,2025-03-06
1398,465,5011,"Denim Jeans",Clothing,2,41.13,15,"Cash on Delivery",Processing,2025-12-30
1399,286,5017,"Table Lamp","Home & Kitchen",3,27.93,20,"Debit Card",Processing,2023-12-15
1400,414,5004,"USB-C Cable",Electronics,4,9.75,15,"Net Banking",Shipped,2023-09-20
1401,447,5011,"Denim Jeans",Clothing,1,38.88,0,UPI,Cancelled,2024-03-31
1402,436,5011,"Denim Jeans",Clothing,3,39.17,10,"Credit Card",Cancelled,2024-06-17
1403,456,5002,"Bluetooth Headphones",Electronics,5,43.55,10,"Debit Card",Returned,2026-04-03
1404,446,5004,"USB-C Cable",Electronics,4,9.90,0,"Debit Card",Shipped,2025-12-21
1405,235,5007,"Running Shoes",Sports,3,67.55,10,"Debit Card",Processing,2025-04-18
1406,91,5006,"Yoga Mat",Sports,1,22.29,0,UPI,Delivered,2025-09-25
1407,87,5001,"Wireless Mouse",Electronics,4,16.41,0,"Net Banking",Shipped,2024-07-14
1408,220,5016,Blender,"Home & Kitchen",1,34.76,10,PayPal,Cancelled,2023-09-23
1409,375,5016,Blender,"Home & Kitchen",4,35.11,0,UPI,Delivered,2023-01-10
1410,321,5011,"Denim Jeans",Clothing,5,40.70,0,"Cash on Delivery",Shipped,2024-01-26
1411,258,5008,"Water Bottle",Sports,3,12.00,0,"Net Banking",Processing,2024-10-01
1412,234,5006,"Yoga Mat",Sports,1,22.99,0,"Cash on Delivery",Returned,2023-04-04
1413,69,5020,"Notebook Set",Stationery,5,7.26,5,UPI,Cancelled,2024-11-22
1414,117,5012,"Winter Jacket",Clothing,2,99.02,20,"Debit Card",Shipped,2023-12-04
1415,188,5007,"Running Shoes",Sports,1,62.85,10,"Cash on Delivery",Delivered,2026-04-22
1416,25,5013,Sneakers,Clothing,3,52.52,10,"Cash on Delivery",Delivered,2025-12-31
1417,64,5001,"Wireless Mouse",Electronics,1,15.90,5,"Net Banking",Processing,2023-08-26
1418,5,5016,Blender,"Home & Kitchen",2,35.64,15,UPI,Cancelled,2024-02-25
1419,71,5004,"USB-C Cable",Electronics,5,10.10,10,PayPal,Delivered,2024-07-06
1420,55,5017,"Table Lamp","Home & Kitchen",5,26.44,0,PayPal,Shipped,2023-08-30
1421,104,5020,"Notebook Set",Stationery,2,7.01,20,UPI,Cancelled,2024-06-22
1422,107,5010,"Cotton T-Shirt",Clothing,2,14.98,10,"Cash on Delivery",Cancelled,2023-03-22
1423,465,5011,"Denim Jeans",Clothing,2,40.68,0,"Credit Card",Returned,2023-01-06
1424,371,5016,Blender,"Home & Kitchen",2,35.03,20,"Cash on Delivery",Delivered,2023-07-04
1425,26,5009,"Dumbbell Set",Sports,2,87.87,0,"Credit Card",Shipped,2025-07-24
1426,219,5002,"Bluetooth Headphones",Electronics,3,46.30,20,"Cash on Delivery",Delivered,2025-01-07
1427,332,5004,"USB-C Cable",Electronics,1,9.63,20,"Debit Card",Processing,2023-01-20
1428,48,5012,"Winter Jacket",Clothing,4,103.77,0,UPI,Processing,2026-06-27
1429,140,5006,"Yoga Mat",Sports,1,23.02,5,PayPal,Cancelled,2025-03-31
1430,31,5014,"Coffee Maker","Home & Kitchen",2,50.97,0,"Debit Card",Delivered,2023-08-20
1431,225,5014,"Coffee Maker","Home & Kitchen",5,50.33,20,"Debit Card",Returned,2025-09-15
1432,451,5013,Sneakers,Clothing,3,56.99,0,"Cash on Delivery",Shipped,2026-06-06
1433,33,5016,Blender,"Home & Kitchen",4,34.78,5,UPI,Processing,2023-08-20
1434,490,5001,"Wireless Mouse",Electronics,5,16.09,15,"Cash on Delivery",Processing,2026-03-26
1435,373,5017,"Table Lamp","Home & Kitchen",5,27.32,0,"Debit Card",Cancelled,2026-06-20
1436,457,5012,"Winter Jacket",Clothing,4,103.25,20,"Net Banking",Delivered,2023-11-01
1437,254,5001,"Wireless Mouse",Electronics,2,15.94,20,"Debit Card",Delivered,2025-11-01
1438,26,5016,Blender,"Home & Kitchen",3,36.64,0,"Net Banking",Shipped,2024-05-08
1439,236,5018,"Novel - Fiction",Books,4,11.67,20,PayPal,Returned,2025-04-05
1440,255,5015,"Non-stick Pan","Home & Kitchen",1,24.53,5,"Cash on Delivery",Delivered,2025-10-17
1441,1,5004,"USB-C Cable",Electronics,4,10.05,0,"Credit Card",Returned,2025-04-24
1442,344,5020,"Notebook Set",Stationery,3,6.79,10,PayPal,Processing,2025-11-07
1443,287,5012,"Winter Jacket",Clothing,1,99.53,20,"Net Banking",Returned,2024-04-01
1444,338,5016,Blender,"Home & Kitchen",3,33.58,0,"Debit Card",Delivered,2025-07-15
1445,360,5011,"Denim Jeans",Clothing,3,40.08,10,"Credit Card",Delivered,2024-08-20
1446,370,5006,"Yoga Mat",Sports,4,22.48,20,PayPal,Delivered,2023-10-15
1447,437,5009,"Dumbbell Set",Sports,5,86.58,0,PayPal,Shipped,2024-02-06
1448,24,5015,"Non-stick Pan","Home & Kitchen",2,25.63,0,"Cash on Delivery",Returned,2024-11-23
1449,259,5004,"USB-C Cable",Electronics,4,10.08,15,"Debit Card",Cancelled,2025-07-25
1450,430,5001,"Wireless Mouse",Electronics,5,16.69,10,"Net Banking",Cancelled,2023-04-10
1451,66,5017,"Table Lamp","Home & Kitchen",2,28.13,0,"Credit Card",Cancelled,2026-03-30
1452,215,5020,"Notebook Set",Stationery,5,7.26,10,"Net Banking",Shipped,2024-10-21
1453,69,5009,"Dumbbell Set",Sports,4,89.57,0,"Debit Card",Cancelled,2024-12-03
1454,441,5020,"Notebook Set",Stationery,5,7.13,20,UPI,Returned,2024-09-04
1455,352,5007,"Running Shoes",Sports,2,66.39,10,UPI,Shipped,2024-03-05
1456,364,5006,"Yoga Mat",Sports,5,22.30,15,"Credit Card",Processing,2026-01-16
1457,364,5018,"Novel - Fiction",Books,4,12.52,10,PayPal,Returned,2026-04-08
1458,196,5010,"Cotton T-Shirt",Clothing,4,14.40,10,"Debit Card",Delivered,2023-01-27
1459,147,5002,"Bluetooth Headphones",Electronics,2,46.80,20,"Cash on Delivery",Processing,2024-06-30
1460,17,5005,"Mechanical Keyboard",Electronics,1,82.02,0,UPI,Cancelled,2024-08-27
1461,332,5004,"USB-C Cable",Electronics,5,9.71,20,"Net Banking",Cancelled,2026-02-24
1462,475,5008,"Water Bottle",Sports,5,12.71,15,PayPal,Cancelled,2024-08-12
1463,129,5014,"Coffee Maker","Home & Kitchen",3,47.56,0,"Debit Card",Returned,2026-02-04
1464,379,5015,"Non-stick Pan","Home & Kitchen",2,25.21,20,"Net Banking",Shipped,2025-01-23
1465,39,5007,"Running Shoes",Sports,3,68.14,0,"Debit Card",Shipped,2025-07-08
1466,285,5017,"Table Lamp","Home & Kitchen",1,27.30,0,UPI,Shipped,2025-02-11
1467,364,5006,"Yoga Mat",Sports,5,21.63,0,"Debit Card",Delivered,2024-06-06
1468,321,5005,"Mechanical Keyboard",Electronics,3,82.18,0,"Net Banking",Processing,2026-05-07
1469,363,5016,Blender,"Home & Kitchen",5,33.50,0,UPI,Returned,2026-01-31
1470,82,5008,"Water Bottle",Sports,2,12.86,0,PayPal,Returned,2025-12-02
1471,110,5018,"Novel - Fiction",Books,4,11.66,0,"Cash on Delivery",Processing,2023-07-08
1472,317,5011,"Denim Jeans",Clothing,3,41.79,0,"Net Banking",Cancelled,2024-08-24
1473,124,5018,"Novel - Fiction",Books,1,11.81,15,"Cash on Delivery",Returned,2023-08-23
1474,196,5020,"Notebook Set",Stationery,2,7.26,15,"Credit Card",Cancelled,2023-03-23
1475,421,5009,"Dumbbell Set",Sports,5,93.69,0,UPI,Returned,2024-08-02
1476,334,5017,"Table Lamp","Home & Kitchen",4,26.94,0,"Debit Card",Processing,2025-09-23
1477,396,5017,"Table Lamp","Home & Kitchen",1,28.80,0,"Net Banking",Returned,2023-07-16
1478,110,5001,"Wireless Mouse",Electronics,1,16.20,15,"Cash on Delivery",Cancelled,2024-03-07
1479,500,5004,"USB-C Cable",Electronics,2,10.19,20,"Cash on Delivery",Cancelled,2026-01-06
1480,20,5003,"Laptop Stand",Electronics,2,30.64,5,"Credit Card",Delivered,2023-02-18
1481,421,5002,"Bluetooth Headphones",Electronics,2,43.55,10,"Debit Card",Processing,2024-05-30
1482,162,5014,"Coffee Maker","Home & Kitchen",4,49.51,15,"Credit Card",Cancelled,2025-07-12
1483,33,5004,"USB-C Cable",Electronics,5,10.21,15,"Cash on Delivery",Returned,2023-01-13
1484,403,5002,"Bluetooth Headphones",Electronics,1,43.71,10,"Cash on Delivery",Processing,2025-01-02
1485,196,5020,"Notebook Set",Stationery,1,7.29,20,PayPal,Delivered,2024-07-30
1486,201,5016,Blender,"Home & Kitchen",2,33.72,0,"Net Banking",Processing,2025-12-28
1487,285,5005,"Mechanical Keyboard",Electronics,3,80.42,0,"Debit Card",Delivered,2025-02-03
1488,281,5002,"Bluetooth Headphones",Electronics,1,45.02,10,"Credit Card",Processing,2026-03-18
1489,436,5007,"Running Shoes",Sports,3,67.64,5,"Net Banking",Shipped,2024-03-09
1490,100,5006,"Yoga Mat",Sports,2,22.74,10,"Credit Card",Shipped,2024-03-28
1491,38,5019,Cookbook,Books,1,19.26,5,UPI,Delivered,2026-01-29
1492,488,5009,"Dumbbell Set",Sports,1,90.72,15,UPI,Processing,2024-02-09
1493,461,5005,"Mechanical Keyboard",Electronics,2,80.95,0,"Debit Card",Processing,2023-07-24
1494,356,5016,Blender,"Home & Kitchen",4,35.55,10,"Net Banking",Shipped,2024-11-03
1495,220,5019,Cookbook,Books,5,18.64,20,"Debit Card",Delivered,2025-01-16
1496,224,5011,"Denim Jeans",Clothing,2,40.95,15,UPI,Processing,2024-03-29
1497,397,5005,"Mechanical Keyboard",Electronics,3,79.55,5,UPI,Cancelled,2025-09-09
1498,431,5018,"Novel - Fiction",Books,1,12.12,15,UPI,Shipped,2023-12-26
1499,40,5018,"Novel - Fiction",Books,2,12.45,15,"Cash on Delivery",Delivered,2024-06-23
1500,208,5001,"Wireless Mouse",Electronics,5,16.12,20,"Net Banking",Shipped,2023-03-05
1501,277,5002,"Bluetooth Headphones",Electronics,5,47.29,10,PayPal,Shipped,2024-06-17
1502,439,5012,"Winter Jacket",Clothing,4,100.89,20,UPI,Shipped,2024-04-02
1503,258,5015,"Non-stick Pan","Home & Kitchen",5,24.73,0,"Credit Card",Shipped,2025-11-11
1504,92,5020,"Notebook Set",Stationery,2,6.95,0,"Net Banking",Returned,2025-11-18
1505,250,5005,"Mechanical Keyboard",Electronics,4,77.74,0,"Debit Card",Delivered,2025-01-04
1506,266,5009,"Dumbbell Set",Sports,3,91.51,0,UPI,Cancelled,2024-04-24
1507,166,5016,Blender,"Home & Kitchen",4,36.67,0,"Credit Card",Returned,2023-04-06
1508,193,5009,"Dumbbell Set",Sports,3,90.62,10,"Cash on Delivery",Cancelled,2026-03-31
1509,499,5012,"Winter Jacket",Clothing,5,97.51,10,"Debit Card",Returned,2023-06-09
1510,455,5013,Sneakers,Clothing,3,56.61,5,"Net Banking",Delivered,2024-12-07
1511,264,5017,"Table Lamp","Home & Kitchen",2,26.76,0,"Cash on Delivery",Processing,2025-06-19
1512,368,5007,"Running Shoes",Sports,2,64.10,0,"Credit Card",Shipped,2024-01-18
1513,246,5014,"Coffee Maker","Home & Kitchen",3,50.87,5,"Debit Card",Returned,2023-08-21
1514,294,5006,"Yoga Mat",Sports,4,20.99,0,"Net Banking",Shipped,2023-02-15
1515,86,5005,"Mechanical Keyboard",Electronics,5,77.17,10,UPI,Shipped,2023-03-22
1516,450,5017,"Table Lamp","Home & Kitchen",4,27.88,10,"Cash on Delivery",Processing,2026-05-12
1517,445,5003,"Laptop Stand",Electronics,2,31.47,10,PayPal,Shipped,2025-07-08
1518,421,5008,"Water Bottle",Sports,4,12.87,0,"Debit Card",Returned,2026-05-15
1519,473,5017,"Table Lamp","Home & Kitchen",3,28.01,15,PayPal,Returned,2023-12-10
1520,56,5019,Cookbook,Books,1,18.77,5,"Credit Card",Shipped,2024-04-15
1521,50,5017,"Table Lamp","Home & Kitchen",5,26.54,20,"Debit Card",Cancelled,2025-05-09
1522,386,5020,"Notebook Set",Stationery,5,7.01,20,"Credit Card",Delivered,2023-03-21
1523,460,5016,Blender,"Home & Kitchen",2,36.14,10,"Cash on Delivery",Cancelled,2026-05-20
1524,272,5017,"Table Lamp","Home & Kitchen",4,26.24,20,PayPal,Shipped,2025-01-28
1525,465,5016,Blender,"Home & Kitchen",4,36.06,10,"Cash on Delivery",Returned,2024-12-18
1526,120,5004,"USB-C Cable",Electronics,4,9.97,0,"Credit Card",Processing,2023-10-02
1527,364,5020,"Notebook Set",Stationery,5,6.77,0,"Cash on Delivery",Delivered,2025-04-16
1528,336,5019,Cookbook,Books,5,18.05,10,"Debit Card",Processing,2023-08-30
1529,300,5014,"Coffee Maker","Home & Kitchen",3,49.62,0,UPI,Processing,2023-08-07
1530,349,5018,"Novel - Fiction",Books,4,12.12,0,PayPal,Shipped,2026-03-02
1531,287,5014,"Coffee Maker","Home & Kitchen",5,48.38,5,"Net Banking",Cancelled,2026-02-15
1532,204,5009,"Dumbbell Set",Sports,3,92.46,0,"Cash on Delivery",Shipped,2026-03-29
1533,83,5004,"USB-C Cable",Electronics,2,10.19,20,"Credit Card",Shipped,2025-07-03
1534,357,5017,"Table Lamp","Home & Kitchen",4,27.64,20,"Cash on Delivery",Delivered,2024-11-24
1535,75,5006,"Yoga Mat",Sports,4,21.10,20,PayPal,Returned,2023-01-11
1536,41,5014,"Coffee Maker","Home & Kitchen",1,48.60,0,"Net Banking",Delivered,2023-05-12
1537,365,5013,Sneakers,Clothing,4,55.12,15,"Net Banking",Delivered,2026-06-11
1538,337,5006,"Yoga Mat",Sports,4,21.34,0,"Net Banking",Processing,2025-06-18
1539,119,5007,"Running Shoes",Sports,1,65.10,10,"Net Banking",Shipped,2026-05-12
1540,81,5002,"Bluetooth Headphones",Electronics,3,43.23,15,"Credit Card",Processing,2024-05-04
1541,266,5013,Sneakers,Clothing,3,55.47,5,"Credit Card",Delivered,2025-03-20
1542,469,5003,"Laptop Stand",Electronics,5,30.98,15,"Net Banking",Processing,2024-08-05
1543,233,5012,"Winter Jacket",Clothing,3,104.62,10,PayPal,Returned,2024-04-08
1544,287,5001,"Wireless Mouse",Electronics,3,16.00,5,"Credit Card",Returned,2023-12-25
1545,132,5010,"Cotton T-Shirt",Clothing,3,15.01,20,"Net Banking",Returned,2023-08-28
1546,125,5009,"Dumbbell Set",Sports,4,89.84,10,UPI,Cancelled,2025-02-11
1547,35,5015,"Non-stick Pan","Home & Kitchen",5,24.03,5,PayPal,Shipped,2023-02-26
1548,5,5008,"Water Bottle",Sports,3,12.52,0,"Cash on Delivery",Processing,2025-04-24
1549,421,5008,"Water Bottle",Sports,3,12.72,5,UPI,Delivered,2023-07-10
1550,458,5018,"Novel - Fiction",Books,2,11.81,0,"Net Banking",Processing,2025-09-02
1551,377,5006,"Yoga Mat",Sports,2,21.34,15,"Debit Card",Processing,2025-10-18
1552,317,5007,"Running Shoes",Sports,2,63.37,20,UPI,Shipped,2024-02-20
1553,253,5004,"USB-C Cable",Electronics,1,10.45,15,"Net Banking",Delivered,2023-06-10
1554,253,5018,"Novel - Fiction",Books,1,12.13,0,"Net Banking",Processing,2025-09-14
1555,385,5016,Blender,"Home & Kitchen",2,34.63,0,"Net Banking",Shipped,2025-11-12
1556,17,5002,"Bluetooth Headphones",Electronics,5,47.50,5,"Net Banking",Processing,2025-05-16
1557,236,5013,Sneakers,Clothing,2,56.09,0,UPI,Delivered,2025-07-25
1558,186,5001,"Wireless Mouse",Electronics,2,15.35,10,"Net Banking",Processing,2025-02-16
1559,491,5006,"Yoga Mat",Sports,5,21.49,0,"Net Banking",Processing,2024-06-22
1560,359,5012,"Winter Jacket",Clothing,2,97.10,5,UPI,Processing,2025-10-18
1561,295,5013,Sneakers,Clothing,3,55.39,0,"Cash on Delivery",Shipped,2025-07-12
1562,196,5004,"USB-C Cable",Electronics,3,9.92,10,"Debit Card",Shipped,2024-04-27
1563,69,5005,"Mechanical Keyboard",Electronics,4,79.36,0,"Cash on Delivery",Returned,2023-01-20
1564,440,5018,"Novel - Fiction",Books,3,11.69,0,"Net Banking",Delivered,2025-09-23
1565,131,5013,Sneakers,Clothing,1,53.44,0,PayPal,Delivered,2023-12-01
1566,286,5015,"Non-stick Pan","Home & Kitchen",3,24.64,0,UPI,Processing,2024-06-16
1567,494,5001,"Wireless Mouse",Electronics,4,16.58,0,"Net Banking",Shipped,2023-09-06
1568,146,5019,Cookbook,Books,5,19.90,0,UPI,Processing,2026-01-07
1569,147,5017,"Table Lamp","Home & Kitchen",4,27.17,0,PayPal,Shipped,2025-07-04
1570,208,5006,"Yoga Mat",Sports,3,22.25,15,"Credit Card",Delivered,2025-05-13
1571,150,5006,"Yoga Mat",Sports,3,21.60,0,"Cash on Delivery",Processing,2024-04-12
1572,481,5020,"Notebook Set",Stationery,4,7.19,5,UPI,Returned,2024-07-09
1573,12,5017,"Table Lamp","Home & Kitchen",4,26.63,0,"Debit Card",Shipped,2025-04-27
1574,49,5009,"Dumbbell Set",Sports,1,89.06,0,"Credit Card",Cancelled,2024-03-07
1575,392,5018,"Novel - Fiction",Books,1,11.87,20,"Credit Card",Delivered,2023-02-23
1576,454,5009,"Dumbbell Set",Sports,5,91.38,0,PayPal,Processing,2023-11-15
1577,68,5008,"Water Bottle",Sports,2,12.66,5,"Net Banking",Shipped,2024-08-04
1578,443,5001,"Wireless Mouse",Electronics,1,16.65,20,PayPal,Cancelled,2024-12-31
1579,486,5018,"Novel - Fiction",Books,3,11.55,5,"Cash on Delivery",Returned,2026-01-28
1580,326,5006,"Yoga Mat",Sports,5,22.29,5,"Net Banking",Cancelled,2026-05-08
1581,117,5017,"Table Lamp","Home & Kitchen",5,27.45,0,"Credit Card",Cancelled,2024-09-26
1582,6,5010,"Cotton T-Shirt",Clothing,3,14.47,0,"Credit Card",Returned,2025-04-24
1583,353,5005,"Mechanical Keyboard",Electronics,3,80.27,5,PayPal,Cancelled,2024-08-10
1584,119,5010,"Cotton T-Shirt",Clothing,1,14.68,20,"Credit Card",Returned,2025-05-31
1585,128,5012,"Winter Jacket",Clothing,2,99.36,10,"Debit Card",Cancelled,2025-04-23
1586,123,5013,Sneakers,Clothing,2,54.57,0,"Net Banking",Returned,2024-06-22
1587,97,5009,"Dumbbell Set",Sports,3,87.91,20,"Credit Card",Shipped,2025-12-25
1588,232,5005,"Mechanical Keyboard",Electronics,3,79.63,15,UPI,Returned,2023-08-15
1589,497,5016,Blender,"Home & Kitchen",2,33.77,0,"Net Banking",Delivered,2024-10-18
1590,225,5006,"Yoga Mat",Sports,1,21.18,0,"Cash on Delivery",Delivered,2024-07-31
1591,176,5008,"Water Bottle",Sports,1,12.49,0,PayPal,Processing,2023-11-05
1592,170,5016,Blender,"Home & Kitchen",3,36.01,15,"Credit Card",Shipped,2025-08-07
1593,93,5002,"Bluetooth Headphones",Electronics,3,45.70,0,"Debit Card",Processing,2025-03-14
1594,198,5013,Sneakers,Clothing,1,56.18,20,PayPal,Shipped,2023-09-07
1595,267,5002,"Bluetooth Headphones",Electronics,2,46.73,15,"Cash on Delivery",Shipped,2025-08-01
1596,373,5016,Blender,"Home & Kitchen",4,33.80,0,"Credit Card",Returned,2024-10-01
1597,102,5017,"Table Lamp","Home & Kitchen",1,27.88,5,UPI,Delivered,2024-06-02
1598,8,5007,"Running Shoes",Sports,1,64.57,15,"Debit Card",Processing,2024-04-28
1599,497,5019,Cookbook,Books,1,18.50,20,"Credit Card",Returned,2025-03-21
1600,128,5016,Blender,"Home & Kitchen",5,35.94,0,"Debit Card",Cancelled,2023-11-14
1601,31,5003,"Laptop Stand",Electronics,5,30.37,20,UPI,Shipped,2024-11-24
1602,286,5018,"Novel - Fiction",Books,1,11.67,5,"Cash on Delivery",Processing,2023-09-15
1603,371,5015,"Non-stick Pan","Home & Kitchen",2,24.68,15,"Debit Card",Processing,2023-02-13
1604,357,5002,"Bluetooth Headphones",Electronics,4,44.57,10,PayPal,Shipped,2025-06-15
1605,240,5019,Cookbook,Books,2,18.66,0,UPI,Returned,2026-01-18
1606,152,5018,"Novel - Fiction",Books,2,11.58,10,UPI,Returned,2023-05-22
1607,195,5012,"Winter Jacket",Clothing,4,101.37,20,"Cash on Delivery",Shipped,2023-01-02
1608,165,5001,"Wireless Mouse",Electronics,5,16.18,20,"Cash on Delivery",Delivered,2025-01-15
1609,393,5018,"Novel - Fiction",Books,4,12.21,10,"Net Banking",Shipped,2024-01-24
1610,57,5020,"Notebook Set",Stationery,3,7.09,5,"Credit Card",Returned,2024-10-22
1611,104,5003,"Laptop Stand",Electronics,1,31.11,0,"Credit Card",Cancelled,2023-09-23
1612,199,5007,"Running Shoes",Sports,1,65.92,10,"Cash on Delivery",Cancelled,2023-03-07
1613,114,5017,"Table Lamp","Home & Kitchen",5,26.26,0,"Net Banking",Delivered,2026-04-23
1614,411,5001,"Wireless Mouse",Electronics,2,15.32,20,"Cash on Delivery",Delivered,2025-10-03
1615,363,5012,"Winter Jacket",Clothing,5,98.68,20,"Credit Card",Returned,2025-05-01
1616,156,5009,"Dumbbell Set",Sports,5,86.12,15,"Credit Card",Shipped,2023-03-25
1617,198,5017,"Table Lamp","Home & Kitchen",1,26.76,15,"Debit Card",Shipped,2023-07-27
1618,286,5017,"Table Lamp","Home & Kitchen",2,28.73,15,"Cash on Delivery",Returned,2026-03-13
1619,360,5014,"Coffee Maker","Home & Kitchen",1,50.86,0,"Cash on Delivery",Cancelled,2026-03-26
1620,173,5004,"USB-C Cable",Electronics,2,9.89,10,"Cash on Delivery",Shipped,2024-01-05
1621,282,5018,"Novel - Fiction",Books,5,12.47,0,UPI,Processing,2025-06-26
1622,280,5014,"Coffee Maker","Home & Kitchen",4,48.69,10,"Debit Card",Cancelled,2024-10-24
1623,204,5018,"Novel - Fiction",Books,3,11.93,5,"Credit Card",Delivered,2025-01-07
1624,456,5010,"Cotton T-Shirt",Clothing,5,14.44,10,UPI,Delivered,2023-02-03
1625,396,5010,"Cotton T-Shirt",Clothing,2,14.71,20,"Cash on Delivery",Processing,2024-03-15
1626,80,5018,"Novel - Fiction",Books,5,12.50,10,"Credit Card",Delivered,2026-02-13
1627,456,5015,"Non-stick Pan","Home & Kitchen",3,24.40,0,"Net Banking",Shipped,2023-11-16
1628,292,5008,"Water Bottle",Sports,3,12.59,0,"Debit Card",Delivered,2024-09-07
1629,354,5011,"Denim Jeans",Clothing,4,41.29,5,"Cash on Delivery",Returned,2023-12-21
1630,296,5004,"USB-C Cable",Electronics,5,10.22,0,PayPal,Delivered,2024-09-07
1631,477,5002,"Bluetooth Headphones",Electronics,3,45.20,20,"Credit Card",Shipped,2024-12-13
1632,22,5020,"Notebook Set",Stationery,1,6.85,0,UPI,Returned,2025-02-22
1633,79,5019,Cookbook,Books,2,19.37,10,"Credit Card",Cancelled,2024-10-31
1634,222,5015,"Non-stick Pan","Home & Kitchen",5,23.97,10,UPI,Cancelled,2026-03-24
1635,382,5005,"Mechanical Keyboard",Electronics,2,79.80,0,"Credit Card",Returned,2024-11-19
1636,397,5013,Sneakers,Clothing,3,55.01,5,"Cash on Delivery",Shipped,2023-06-24
1637,334,5005,"Mechanical Keyboard",Electronics,4,79.89,0,"Net Banking",Shipped,2026-02-19
1638,137,5018,"Novel - Fiction",Books,5,11.68,0,PayPal,Processing,2025-12-09
1639,188,5019,Cookbook,Books,1,18.83,15,UPI,Shipped,2023-08-19
1640,157,5011,"Denim Jeans",Clothing,3,38.09,15,"Debit Card",Processing,2026-05-01
1641,474,5020,"Notebook Set",Stationery,4,6.95,0,"Debit Card",Shipped,2026-06-30
1642,125,5012,"Winter Jacket",Clothing,2,102.39,0,"Net Banking",Shipped,2023-06-25
1643,157,5010,"Cotton T-Shirt",Clothing,1,15.45,15,PayPal,Cancelled,2024-12-04
1644,105,5001,"Wireless Mouse",Electronics,3,16.05,15,"Net Banking",Returned,2024-03-04
1645,73,5009,"Dumbbell Set",Sports,5,92.06,10,"Cash on Delivery",Delivered,2025-09-16
1646,31,5013,Sneakers,Clothing,5,53.66,0,UPI,Shipped,2025-12-14
1647,5,5020,"Notebook Set",Stationery,3,7.10,5,"Credit Card",Cancelled,2023-04-19
1648,453,5009,"Dumbbell Set",Sports,3,88.12,0,"Cash on Delivery",Cancelled,2023-08-09
1649,162,5008,"Water Bottle",Sports,4,12.00,15,PayPal,Returned,2025-11-07
1650,235,5018,"Novel - Fiction",Books,1,11.99,0,"Net Banking",Delivered,2024-01-17
1651,202,5002,"Bluetooth Headphones",Electronics,2,44.74,0,"Cash on Delivery",Shipped,2025-12-20
1652,121,5001,"Wireless Mouse",Electronics,3,16.19,0,"Net Banking",Processing,2024-12-21
1653,484,5002,"Bluetooth Headphones",Electronics,3,47.73,20,"Net Banking",Processing,2025-03-03
1654,45,5008,"Water Bottle",Sports,2,12.70,5,"Cash on Delivery",Cancelled,2024-11-30
1655,79,5017,"Table Lamp","Home & Kitchen",5,26.79,5,PayPal,Processing,2024-04-10
1656,335,5020,"Notebook Set",Stationery,3,6.73,10,"Debit Card",Returned,2025-07-08
1657,461,5018,"Novel - Fiction",Books,2,12.22,0,"Net Banking",Shipped,2023-10-10
1658,286,5014,"Coffee Maker","Home & Kitchen",2,49.08,0,"Net Banking",Delivered,2026-03-02
1659,164,5006,"Yoga Mat",Sports,3,20.96,15,PayPal,Cancelled,2023-10-26
1660,55,5010,"Cotton T-Shirt",Clothing,4,15.41,0,"Debit Card",Shipped,2024-07-14
1661,314,5001,"Wireless Mouse",Electronics,5,16.16,0,"Debit Card",Returned,2026-06-17
1662,400,5008,"Water Bottle",Sports,2,11.97,0,PayPal,Shipped,2023-02-23
1663,95,5017,"Table Lamp","Home & Kitchen",5,27.91,15,PayPal,Cancelled,2025-08-18
1664,210,5016,Blender,"Home & Kitchen",2,34.03,0,"Credit Card",Processing,2023-12-02
1665,91,5014,"Coffee Maker","Home & Kitchen",2,48.51,20,PayPal,Returned,2024-02-20
1666,398,5016,Blender,"Home & Kitchen",3,34.74,0,"Credit Card",Returned,2025-07-26
1667,293,5013,Sneakers,Clothing,3,57.42,10,"Net Banking",Returned,2025-03-18
1668,424,5017,"Table Lamp","Home & Kitchen",1,27.37,0,"Credit Card",Shipped,2025-12-02
1669,199,5017,"Table Lamp","Home & Kitchen",5,26.23,15,"Net Banking",Delivered,2025-03-21
1670,397,5007,"Running Shoes",Sports,3,67.50,5,UPI,Cancelled,2025-06-19
1671,354,5006,"Yoga Mat",Sports,4,22.92,10,"Net Banking",Shipped,2024-08-25
1672,93,5015,"Non-stick Pan","Home & Kitchen",4,24.99,15,"Net Banking",Returned,2023-07-05
1673,92,5005,"Mechanical Keyboard",Electronics,4,79.60,0,PayPal,Returned,2025-04-26
1674,333,5007,"Running Shoes",Sports,4,63.86,0,"Cash on Delivery",Shipped,2023-07-04
1675,186,5004,"USB-C Cable",Electronics,1,9.94,15,"Credit Card",Returned,2023-08-22
1676,195,5013,Sneakers,Clothing,5,54.33,0,"Credit Card",Shipped,2026-06-07
1677,92,5011,"Denim Jeans",Clothing,5,41.46,0,"Cash on Delivery",Delivered,2023-11-04
1678,229,5014,"Coffee Maker","Home & Kitchen",3,51.33,15,UPI,Shipped,2024-09-25
1679,130,5004,"USB-C Cable",Electronics,2,10.11,0,"Credit Card",Cancelled,2024-02-20
1680,452,5016,Blender,"Home & Kitchen",4,33.26,20,PayPal,Shipped,2026-01-18
1681,41,5007,"Running Shoes",Sports,5,64.42,5,"Net Banking",Returned,2025-09-01
1682,286,5001,"Wireless Mouse",Electronics,2,16.18,0,"Debit Card",Delivered,2026-01-25
1683,75,5006,"Yoga Mat",Sports,2,21.67,15,"Credit Card",Returned,2023-04-23
1684,214,5020,"Notebook Set",Stationery,3,6.67,0,"Debit Card",Shipped,2024-11-09
1685,91,5010,"Cotton T-Shirt",Clothing,5,15.42,10,PayPal,Returned,2026-05-03
1686,189,5012,"Winter Jacket",Clothing,1,97.98,20,PayPal,Delivered,2023-07-10
1687,63,5014,"Coffee Maker","Home & Kitchen",5,49.84,0,"Cash on Delivery",Processing,2023-05-13
1688,108,5011,"Denim Jeans",Clothing,5,38.83,10,"Net Banking",Delivered,2025-04-27
1689,353,5004,"USB-C Cable",Electronics,5,9.97,0,"Net Banking",Processing,2025-12-19
1690,320,5014,"Coffee Maker","Home & Kitchen",5,50.12,0,UPI,Shipped,2024-10-10
1691,255,5020,"Notebook Set",Stationery,5,7.15,10,PayPal,Shipped,2025-10-13
1692,13,5020,"Notebook Set",Stationery,2,6.64,0,PayPal,Delivered,2024-08-17
1693,180,5007,"Running Shoes",Sports,5,62.05,5,"Net Banking",Shipped,2025-04-29
1694,158,5001,"Wireless Mouse",Electronics,2,16.45,0,UPI,Returned,2024-07-30
1695,175,5018,"Novel - Fiction",Books,3,12.21,0,PayPal,Returned,2023-01-13
1696,174,5020,"Notebook Set",Stationery,1,6.87,0,"Cash on Delivery",Cancelled,2023-12-26
1697,236,5016,Blender,"Home & Kitchen",1,33.78,5,"Net Banking",Processing,2023-10-06
1698,290,5015,"Non-stick Pan","Home & Kitchen",4,25.04,20,"Cash on Delivery",Processing,2023-04-25
1699,170,5018,"Novel - Fiction",Books,5,12.08,0,UPI,Delivered,2023-02-08
1700,321,5005,"Mechanical Keyboard",Electronics,3,83.86,0,"Net Banking",Shipped,2023-03-05
1701,443,5019,Cookbook,Books,5,19.17,0,UPI,Processing,2025-03-08
1702,122,5002,"Bluetooth Headphones",Electronics,3,45.49,0,UPI,Cancelled,2025-04-27
1703,192,5010,"Cotton T-Shirt",Clothing,2,14.50,0,"Credit Card",Shipped,2025-12-11
1704,464,5003,"Laptop Stand",Electronics,4,30.89,0,"Net Banking",Shipped,2025-11-02
1705,159,5007,"Running Shoes",Sports,3,67.43,15,UPI,Shipped,2025-09-17
1706,236,5004,"USB-C Cable",Electronics,5,10.21,0,PayPal,Returned,2023-09-29
1707,305,5004,"USB-C Cable",Electronics,1,10.18,0,"Credit Card",Processing,2024-09-28
1708,382,5015,"Non-stick Pan","Home & Kitchen",1,25.66,10,UPI,Delivered,2023-07-31
1709,147,5019,Cookbook,Books,3,18.42,0,UPI,Returned,2024-03-05
1710,141,5011,"Denim Jeans",Clothing,4,38.59,0,"Credit Card",Delivered,2023-08-29
1711,180,5020,"Notebook Set",Stationery,5,6.78,0,"Net Banking",Processing,2025-11-18
1712,37,5009,"Dumbbell Set",Sports,2,87.69,10,UPI,Returned,2024-08-03
1713,242,5011,"Denim Jeans",Clothing,5,38.51,0,"Cash on Delivery",Delivered,2025-06-27
1714,92,5004,"USB-C Cable",Electronics,4,9.92,0,"Cash on Delivery",Returned,2023-04-21
1715,419,5019,Cookbook,Books,4,18.63,0,"Debit Card",Returned,2026-06-16
1716,411,5003,"Laptop Stand",Electronics,4,28.77,0,"Cash on Delivery",Cancelled,2026-03-08
1717,393,5004,"USB-C Cable",Electronics,4,10.13,15,PayPal,Cancelled,2024-09-27
1718,133,5008,"Water Bottle",Sports,2,12.99,20,UPI,Cancelled,2023-10-22
1719,34,5006,"Yoga Mat",Sports,3,21.97,5,PayPal,Delivered,2024-10-27
1720,394,5012,"Winter Jacket",Clothing,4,96.70,20,UPI,Returned,2025-08-02
1721,366,5019,Cookbook,Books,2,18.81,0,"Credit Card",Processing,2025-11-06
1722,303,5018,"Novel - Fiction",Books,1,11.94,10,PayPal,Shipped,2024-09-10
1723,197,5020,"Notebook Set",Stationery,2,7.32,0,"Credit Card",Processing,2026-01-27
1724,291,5007,"Running Shoes",Sports,5,68.12,20,UPI,Returned,2025-06-01
1725,294,5008,"Water Bottle",Sports,2,13.04,15,PayPal,Delivered,2023-06-09
1726,421,5019,Cookbook,Books,5,19.09,0,PayPal,Shipped,2025-08-06
1727,417,5010,"Cotton T-Shirt",Clothing,4,14.40,10,"Net Banking",Cancelled,2023-05-23
1728,72,5011,"Denim Jeans",Clothing,4,38.86,0,"Net Banking",Delivered,2023-05-06
1729,316,5005,"Mechanical Keyboard",Electronics,2,78.32,10,"Net Banking",Cancelled,2025-07-16
1730,468,5007,"Running Shoes",Sports,2,65.46,0,"Cash on Delivery",Processing,2024-10-10
1731,262,5014,"Coffee Maker","Home & Kitchen",3,47.53,10,PayPal,Shipped,2023-07-02
1732,1,5010,"Cotton T-Shirt",Clothing,1,15.69,10,"Cash on Delivery",Returned,2025-01-26
1733,222,5012,"Winter Jacket",Clothing,1,95.30,20,"Cash on Delivery",Returned,2024-07-31
1734,280,5013,Sneakers,Clothing,3,54.35,5,"Debit Card",Shipped,2025-02-22
1735,474,5016,Blender,"Home & Kitchen",2,34.59,10,UPI,Cancelled,2024-01-21
1736,332,5005,"Mechanical Keyboard",Electronics,3,76.08,0,"Credit Card",Shipped,2023-09-15
1737,413,5016,Blender,"Home & Kitchen",4,33.72,0,PayPal,Cancelled,2023-10-06
1738,218,5020,"Notebook Set",Stationery,4,6.96,0,"Net Banking",Cancelled,2026-06-30
1739,4,5013,Sneakers,Clothing,3,54.59,0,"Net Banking",Cancelled,2024-04-07
1740,296,5008,"Water Bottle",Sports,5,13.03,5,UPI,Delivered,2024-07-05
1741,298,5002,"Bluetooth Headphones",Electronics,5,44.90,15,PayPal,Delivered,2025-09-16
1742,268,5005,"Mechanical Keyboard",Electronics,5,80.13,5,"Net Banking",Delivered,2024-07-26
1743,409,5008,"Water Bottle",Sports,4,12.67,15,"Net Banking",Processing,2023-06-09
1744,241,5020,"Notebook Set",Stationery,1,7.18,10,PayPal,Returned,2024-12-04
1745,409,5016,Blender,"Home & Kitchen",5,34.48,5,UPI,Processing,2024-11-09
1746,402,5006,"Yoga Mat",Sports,1,21.57,15,"Net Banking",Processing,2026-05-08
1747,337,5002,"Bluetooth Headphones",Electronics,4,45.83,0,UPI,Returned,2026-03-30
1748,40,5001,"Wireless Mouse",Electronics,3,15.39,0,UPI,Processing,2025-09-19
1749,8,5005,"Mechanical Keyboard",Electronics,5,82.85,0,"Cash on Delivery",Delivered,2024-07-29
1750,229,5020,"Notebook Set",Stationery,2,6.75,15,UPI,Shipped,2026-04-26
1751,442,5009,"Dumbbell Set",Sports,2,92.68,0,"Credit Card",Processing,2025-09-20
1752,254,5003,"Laptop Stand",Electronics,2,28.95,20,PayPal,Cancelled,2026-05-04
1753,432,5008,"Water Bottle",Sports,4,12.60,0,UPI,Delivered,2023-12-09
1754,244,5009,"Dumbbell Set",Sports,1,89.67,0,UPI,Cancelled,2023-04-18
1755,243,5018,"Novel - Fiction",Books,2,12.24,15,UPI,Shipped,2025-02-16
1756,230,5017,"Table Lamp","Home & Kitchen",4,28.67,0,PayPal,Processing,2023-01-25
1757,490,5017,"Table Lamp","Home & Kitchen",1,27.88,10,PayPal,Returned,2023-07-19
1758,131,5009,"Dumbbell Set",Sports,3,92.71,0,"Cash on Delivery",Returned,2024-07-07
1759,395,5013,Sneakers,Clothing,4,55.95,15,"Debit Card",Returned,2024-05-10
1760,5,5011,"Denim Jeans",Clothing,2,38.03,10,"Credit Card",Delivered,2024-10-03
1761,180,5014,"Coffee Maker","Home & Kitchen",1,50.92,0,"Debit Card",Processing,2025-12-11
1762,30,5009,"Dumbbell Set",Sports,2,91.06,0,"Net Banking",Shipped,2023-03-11
1763,67,5020,"Notebook Set",Stationery,1,7.24,0,PayPal,Returned,2023-09-03
1764,339,5006,"Yoga Mat",Sports,1,21.55,0,"Credit Card",Cancelled,2024-01-13
1765,38,5009,"Dumbbell Set",Sports,4,86.95,0,UPI,Delivered,2024-10-24
1766,417,5013,Sneakers,Clothing,4,53.67,0,UPI,Shipped,2024-11-12
1767,92,5015,"Non-stick Pan","Home & Kitchen",1,25.27,0,"Cash on Delivery",Cancelled,2025-10-04
1768,315,5004,"USB-C Cable",Electronics,2,9.92,20,"Cash on Delivery",Delivered,2026-01-12
1769,293,5015,"Non-stick Pan","Home & Kitchen",3,23.92,0,"Cash on Delivery",Processing,2023-07-31
1770,1,5015,"Non-stick Pan","Home & Kitchen",1,25.37,0,"Credit Card",Cancelled,2025-10-16
1771,264,5009,"Dumbbell Set",Sports,2,90.66,5,"Cash on Delivery",Cancelled,2024-11-06
1772,416,5016,Blender,"Home & Kitchen",4,35.79,20,"Credit Card",Returned,2025-04-07
1773,247,5008,"Water Bottle",Sports,1,12.90,15,"Credit Card",Returned,2025-02-26
1774,29,5018,"Novel - Fiction",Books,3,11.75,15,"Cash on Delivery",Delivered,2024-11-13
1775,390,5012,"Winter Jacket",Clothing,5,103.40,0,UPI,Shipped,2024-11-27
1776,154,5006,"Yoga Mat",Sports,5,22.35,5,"Cash on Delivery",Cancelled,2023-03-22
1777,225,5004,"USB-C Cable",Electronics,3,10.37,0,"Cash on Delivery",Shipped,2025-09-23
1778,304,5005,"Mechanical Keyboard",Electronics,1,81.75,0,"Debit Card",Cancelled,2024-01-31
1779,274,5013,Sneakers,Clothing,1,53.94,15,PayPal,Delivered,2026-01-12
1780,22,5002,"Bluetooth Headphones",Electronics,3,46.81,0,PayPal,Delivered,2023-04-25
1781,275,5007,"Running Shoes",Sports,5,67.41,15,"Debit Card",Returned,2025-07-27
1782,335,5008,"Water Bottle",Sports,1,12.05,15,"Credit Card",Cancelled,2023-03-17
1783,8,5020,"Notebook Set",Stationery,1,7.09,15,"Debit Card",Delivered,2024-05-12
1784,303,5010,"Cotton T-Shirt",Clothing,1,14.50,10,"Credit Card",Delivered,2025-07-23
1785,33,5004,"USB-C Cable",Electronics,4,10.11,20,"Debit Card",Cancelled,2026-05-03
1786,295,5011,"Denim Jeans",Clothing,4,41.89,0,"Net Banking",Shipped,2024-10-26
1787,33,5011,"Denim Jeans",Clothing,2,38.68,10,"Credit Card",Processing,2023-04-04
1788,85,5005,"Mechanical Keyboard",Electronics,4,78.95,15,PayPal,Shipped,2023-12-11
1789,324,5019,Cookbook,Books,1,19.54,0,"Net Banking",Cancelled,2023-10-01
1790,92,5006,"Yoga Mat",Sports,1,20.91,0,"Credit Card",Returned,2025-09-24
1791,74,5010,"Cotton T-Shirt",Clothing,4,14.43,15,"Cash on Delivery",Processing,2025-09-01
1792,313,5017,"Table Lamp","Home & Kitchen",4,28.70,0,"Cash on Delivery",Delivered,2025-04-23
1793,322,5020,"Notebook Set",Stationery,2,7.30,10,UPI,Processing,2025-10-20
1794,272,5014,"Coffee Maker","Home & Kitchen",1,48.45,0,"Credit Card",Returned,2026-02-16
1795,321,5012,"Winter Jacket",Clothing,5,99.63,0,"Cash on Delivery",Shipped,2025-11-05
1796,351,5009,"Dumbbell Set",Sports,1,92.66,0,PayPal,Cancelled,2024-02-01
1797,146,5006,"Yoga Mat",Sports,2,22.32,0,"Debit Card",Cancelled,2023-03-30
1798,233,5009,"Dumbbell Set",Sports,3,93.50,20,"Credit Card",Delivered,2026-06-17
1799,249,5002,"Bluetooth Headphones",Electronics,5,46.80,0,"Net Banking",Delivered,2023-12-27
1800,215,5003,"Laptop Stand",Electronics,2,30.23,10,"Debit Card",Processing,2025-06-29
1801,378,5008,"Water Bottle",Sports,1,12.00,0,PayPal,Shipped,2024-10-29
1802,28,5013,Sneakers,Clothing,2,55.47,5,PayPal,Shipped,2023-05-31
1803,70,5007,"Running Shoes",Sports,5,64.27,0,PayPal,Shipped,2025-07-20
1804,355,5012,"Winter Jacket",Clothing,3,96.26,0,"Net Banking",Delivered,2024-02-19
1805,215,5009,"Dumbbell Set",Sports,2,89.68,20,"Debit Card",Processing,2023-08-16
1806,327,5008,"Water Bottle",Sports,3,12.86,0,"Net Banking",Shipped,2026-05-21
1807,268,5019,Cookbook,Books,5,18.82,0,PayPal,Shipped,2024-04-15
1808,220,5019,Cookbook,Books,4,18.07,0,"Cash on Delivery",Shipped,2025-08-05
1809,475,5008,"Water Bottle",Sports,3,12.15,10,"Net Banking",Shipped,2025-06-08
1810,241,5019,Cookbook,Books,1,18.12,0,"Cash on Delivery",Returned,2025-05-05
1811,409,5002,"Bluetooth Headphones",Electronics,4,45.41,5,"Cash on Delivery",Delivered,2025-12-23
1812,7,5015,"Non-stick Pan","Home & Kitchen",4,25.14,0,"Cash on Delivery",Cancelled,2024-05-07
1813,47,5007,"Running Shoes",Sports,2,63.30,0,"Credit Card",Cancelled,2025-01-04
1814,299,5010,"Cotton T-Shirt",Clothing,2,15.10,20,"Credit Card",Cancelled,2025-07-29
1815,190,5015,"Non-stick Pan","Home & Kitchen",2,25.71,0,"Cash on Delivery",Cancelled,2025-04-10
1816,17,5001,"Wireless Mouse",Electronics,1,15.72,15,UPI,Cancelled,2025-02-27
1817,404,5009,"Dumbbell Set",Sports,5,92.64,10,"Cash on Delivery",Delivered,2026-01-15
1818,346,5020,"Notebook Set",Stationery,3,7.30,10,UPI,Delivered,2023-04-23
1819,188,5004,"USB-C Cable",Electronics,4,10.11,5,UPI,Shipped,2025-01-18
1820,71,5018,"Novel - Fiction",Books,1,12.32,15,UPI,Shipped,2026-02-22
1821,298,5018,"Novel - Fiction",Books,1,12.52,15,"Cash on Delivery",Shipped,2025-09-06
1822,217,5008,"Water Bottle",Sports,3,12.50,0,UPI,Delivered,2024-12-23
1823,270,5003,"Laptop Stand",Electronics,3,29.95,5,"Credit Card",Cancelled,2024-12-08
1824,410,5018,"Novel - Fiction",Books,5,12.14,5,"Cash on Delivery",Delivered,2024-08-21
1825,92,5007,"Running Shoes",Sports,4,64.29,0,UPI,Delivered,2023-06-28
1826,255,5004,"USB-C Cable",Electronics,2,10.19,0,"Debit Card",Shipped,2024-07-19
1827,278,5017,"Table Lamp","Home & Kitchen",1,28.79,5,"Debit Card",Cancelled,2024-08-23
1828,150,5012,"Winter Jacket",Clothing,4,101.44,15,"Debit Card",Delivered,2025-06-28
1829,297,5001,"Wireless Mouse",Electronics,2,15.73,15,UPI,Processing,2025-11-30
1830,235,5016,Blender,"Home & Kitchen",5,35.16,20,UPI,Returned,2025-12-21
1831,248,5005,"Mechanical Keyboard",Electronics,3,78.07,20,UPI,Processing,2023-12-18
1832,86,5002,"Bluetooth Headphones",Electronics,2,45.30,0,"Net Banking",Shipped,2024-12-24
1833,355,5018,"Novel - Fiction",Books,3,12.40,0,"Cash on Delivery",Shipped,2024-01-09
1834,295,5006,"Yoga Mat",Sports,2,23.09,0,"Debit Card",Cancelled,2023-08-28
1835,18,5009,"Dumbbell Set",Sports,3,90.55,0,"Cash on Delivery",Processing,2024-01-13
1836,84,5012,"Winter Jacket",Clothing,2,100.39,5,"Net Banking",Processing,2025-02-02
1837,486,5004,"USB-C Cable",Electronics,1,10.26,5,PayPal,Processing,2025-04-08
1838,362,5005,"Mechanical Keyboard",Electronics,1,78.64,10,UPI,Cancelled,2026-01-23
1839,465,5010,"Cotton T-Shirt",Clothing,5,15.09,20,PayPal,Processing,2023-10-29
1840,60,5004,"USB-C Cable",Electronics,4,10.17,0,UPI,Delivered,2023-03-24
1841,168,5013,Sneakers,Clothing,5,54.22,5,"Credit Card",Returned,2024-03-27
1842,393,5007,"Running Shoes",Sports,5,66.83,0,UPI,Shipped,2025-12-14
1843,344,5001,"Wireless Mouse",Electronics,1,15.90,20,"Credit Card",Returned,2026-01-07
1844,262,5013,Sneakers,Clothing,2,55.57,0,"Credit Card",Processing,2025-10-01
1845,7,5013,Sneakers,Clothing,2,54.37,0,UPI,Processing,2025-05-25
1846,111,5012,"Winter Jacket",Clothing,3,100.60,20,"Cash on Delivery",Cancelled,2025-07-01
1847,497,5014,"Coffee Maker","Home & Kitchen",4,51.52,0,PayPal,Cancelled,2024-08-14
1848,156,5005,"Mechanical Keyboard",Electronics,5,77.14,0,PayPal,Returned,2026-05-09
1849,4,5011,"Denim Jeans",Clothing,1,39.49,20,PayPal,Processing,2026-04-24
1850,387,5014,"Coffee Maker","Home & Kitchen",2,51.04,5,"Debit Card",Shipped,2026-02-12
1851,422,5006,"Yoga Mat",Sports,4,21.98,10,UPI,Returned,2024-08-15
1852,14,5010,"Cotton T-Shirt",Clothing,4,14.94,15,"Credit Card",Shipped,2026-02-19
1853,458,5009,"Dumbbell Set",Sports,3,91.37,0,UPI,Cancelled,2025-08-25
1854,142,5006,"Yoga Mat",Sports,4,21.16,0,PayPal,Delivered,2024-05-16
1855,445,5020,"Notebook Set",Stationery,3,7.04,5,UPI,Cancelled,2026-04-05
1856,433,5004,"USB-C Cable",Electronics,3,10.07,15,UPI,Shipped,2025-11-15
1857,355,5019,Cookbook,Books,1,18.92,0,"Debit Card",Processing,2023-10-27
1858,467,5006,"Yoga Mat",Sports,1,21.82,0,UPI,Delivered,2024-07-12
1859,264,5010,"Cotton T-Shirt",Clothing,3,15.64,15,"Debit Card",Shipped,2025-12-20
1860,162,5004,"USB-C Cable",Electronics,5,9.81,10,"Cash on Delivery",Processing,2023-12-09
1861,422,5009,"Dumbbell Set",Sports,3,90.71,10,"Debit Card",Delivered,2023-07-16
1862,211,5005,"Mechanical Keyboard",Electronics,5,82.22,0,UPI,Shipped,2024-07-30
1863,97,5004,"USB-C Cable",Electronics,2,9.71,10,"Net Banking",Returned,2023-11-13
1864,59,5017,"Table Lamp","Home & Kitchen",5,28.20,15,PayPal,Cancelled,2026-02-02
1865,160,5003,"Laptop Stand",Electronics,1,29.93,0,"Cash on Delivery",Processing,2023-09-26
1866,176,5005,"Mechanical Keyboard",Electronics,4,82.10,10,"Debit Card",Processing,2026-05-08
1867,73,5001,"Wireless Mouse",Electronics,1,16.56,0,"Cash on Delivery",Shipped,2024-03-31
1868,218,5010,"Cotton T-Shirt",Clothing,2,15.71,0,"Cash on Delivery",Delivered,2024-03-05
1869,101,5003,"Laptop Stand",Electronics,1,29.78,20,"Credit Card",Delivered,2025-09-18
1870,130,5017,"Table Lamp","Home & Kitchen",5,26.45,5,"Credit Card",Delivered,2023-05-02
1871,309,5010,"Cotton T-Shirt",Clothing,1,14.43,20,"Debit Card",Returned,2023-07-17
1872,434,5007,"Running Shoes",Sports,2,62.34,0,"Cash on Delivery",Processing,2024-12-20
1873,400,5019,Cookbook,Books,3,19.66,0,"Cash on Delivery",Returned,2024-12-22
1874,297,5008,"Water Bottle",Sports,5,12.00,0,"Credit Card",Returned,2026-03-13
1875,276,5007,"Running Shoes",Sports,2,67.61,0,"Credit Card",Delivered,2024-07-31
1876,95,5007,"Running Shoes",Sports,5,66.29,0,PayPal,Delivered,2025-08-30
1877,117,5006,"Yoga Mat",Sports,3,21.37,5,PayPal,Delivered,2025-02-16
1878,254,5011,"Denim Jeans",Clothing,1,40.07,0,UPI,Processing,2025-08-12
1879,198,5018,"Novel - Fiction",Books,1,11.98,0,UPI,Cancelled,2023-06-18
1880,149,5020,"Notebook Set",Stationery,3,7.03,0,PayPal,Shipped,2025-06-28
1881,346,5003,"Laptop Stand",Electronics,4,28.53,0,PayPal,Delivered,2025-01-22
1882,62,5013,Sneakers,Clothing,4,55.97,15,"Debit Card",Cancelled,2025-12-06
1883,87,5013,Sneakers,Clothing,5,57.34,15,"Credit Card",Processing,2023-07-28
1884,207,5007,"Running Shoes",Sports,3,67.24,10,"Credit Card",Shipped,2024-02-15
1885,298,5014,"Coffee Maker","Home & Kitchen",4,51.06,20,"Net Banking",Processing,2024-07-24
1886,208,5013,Sneakers,Clothing,3,55.57,15,PayPal,Returned,2025-09-01
1887,251,5009,"Dumbbell Set",Sports,2,86.59,0,PayPal,Shipped,2025-07-20
1888,35,5005,"Mechanical Keyboard",Electronics,1,76.41,15,PayPal,Delivered,2023-07-23
1889,156,5006,"Yoga Mat",Sports,4,21.62,15,"Net Banking",Returned,2026-05-23
1890,239,5004,"USB-C Cable",Electronics,1,9.98,20,"Debit Card",Processing,2025-11-30
1891,415,5016,Blender,"Home & Kitchen",4,35.14,0,"Net Banking",Returned,2025-10-30
1892,162,5001,"Wireless Mouse",Electronics,1,15.80,0,PayPal,Cancelled,2025-05-31
1893,441,5015,"Non-stick Pan","Home & Kitchen",1,25.13,0,UPI,Shipped,2023-03-09
1894,250,5016,Blender,"Home & Kitchen",4,35.74,0,"Credit Card",Returned,2023-10-03
1895,288,5016,Blender,"Home & Kitchen",5,34.88,10,"Debit Card",Returned,2026-01-09
1896,194,5002,"Bluetooth Headphones",Electronics,4,45.91,5,"Net Banking",Processing,2024-06-23
1897,66,5010,"Cotton T-Shirt",Clothing,3,15.13,0,UPI,Processing,2023-05-06
1898,177,5019,Cookbook,Books,1,18.23,5,UPI,Cancelled,2024-11-29
1899,160,5012,"Winter Jacket",Clothing,1,97.34,0,"Net Banking",Delivered,2024-05-15
1900,276,5003,"Laptop Stand",Electronics,3,29.00,0,UPI,Delivered,2023-08-23
1901,137,5015,"Non-stick Pan","Home & Kitchen",4,25.99,10,"Credit Card",Cancelled,2026-03-09
1902,166,5019,Cookbook,Books,1,19.12,5,"Net Banking",Delivered,2024-10-10
1903,416,5016,Blender,"Home & Kitchen",1,34.98,0,"Cash on Delivery",Processing,2024-02-26
1904,104,5006,"Yoga Mat",Sports,5,23.03,0,PayPal,Delivered,2024-09-05
1905,294,5018,"Novel - Fiction",Books,2,11.45,0,PayPal,Shipped,2024-08-11
1906,140,5020,"Notebook Set",Stationery,1,7.05,0,"Credit Card",Returned,2026-03-30
1907,40,5017,"Table Lamp","Home & Kitchen",4,27.08,0,"Cash on Delivery",Processing,2025-05-24
1908,103,5017,"Table Lamp","Home & Kitchen",3,27.61,15,PayPal,Cancelled,2025-06-05
1909,281,5009,"Dumbbell Set",Sports,5,91.53,5,"Debit Card",Delivered,2025-11-21
1910,493,5017,"Table Lamp","Home & Kitchen",2,26.71,5,"Cash on Delivery",Cancelled,2026-03-27
1911,223,5009,"Dumbbell Set",Sports,5,92.41,20,"Net Banking",Delivered,2026-06-12
1912,78,5017,"Table Lamp","Home & Kitchen",2,26.53,5,"Cash on Delivery",Processing,2025-01-16
1913,33,5014,"Coffee Maker","Home & Kitchen",4,51.64,20,"Cash on Delivery",Shipped,2024-10-14
1914,352,5014,"Coffee Maker","Home & Kitchen",3,48.29,15,"Net Banking",Shipped,2024-08-10
1915,126,5013,Sneakers,Clothing,2,53.31,0,UPI,Cancelled,2023-08-21
1916,19,5016,Blender,"Home & Kitchen",5,35.50,5,"Debit Card",Shipped,2025-06-12
1917,143,5009,"Dumbbell Set",Sports,2,92.60,0,"Cash on Delivery",Returned,2023-03-01
1918,441,5006,"Yoga Mat",Sports,1,20.94,20,"Credit Card",Processing,2025-09-22
1919,344,5020,"Notebook Set",Stationery,3,7.27,5,"Cash on Delivery",Delivered,2023-05-11
1920,257,5013,Sneakers,Clothing,2,55.39,0,"Credit Card",Returned,2024-04-28
1921,122,5019,Cookbook,Books,5,19.72,5,"Net Banking",Delivered,2024-05-30
1922,384,5011,"Denim Jeans",Clothing,3,39.55,15,"Cash on Delivery",Shipped,2026-04-11
1923,497,5014,"Coffee Maker","Home & Kitchen",2,48.37,0,UPI,Cancelled,2023-10-23
1924,192,5014,"Coffee Maker","Home & Kitchen",3,49.94,0,"Cash on Delivery",Delivered,2026-04-22
1925,494,5011,"Denim Jeans",Clothing,5,40.72,5,UPI,Shipped,2025-05-17
1926,331,5012,"Winter Jacket",Clothing,4,98.07,20,"Net Banking",Delivered,2025-01-23
1927,328,5002,"Bluetooth Headphones",Electronics,2,44.98,10,"Cash on Delivery",Processing,2024-06-02
1928,5,5004,"USB-C Cable",Electronics,5,9.93,20,PayPal,Processing,2024-04-29
1929,456,5010,"Cotton T-Shirt",Clothing,1,14.56,0,"Debit Card",Cancelled,2024-04-27
1930,422,5011,"Denim Jeans",Clothing,4,41.46,0,PayPal,Cancelled,2023-03-11
1931,83,5014,"Coffee Maker","Home & Kitchen",3,47.99,20,"Cash on Delivery",Processing,2025-05-15
1932,417,5017,"Table Lamp","Home & Kitchen",1,27.78,5,"Net Banking",Processing,2024-12-21
1933,323,5015,"Non-stick Pan","Home & Kitchen",1,25.34,15,PayPal,Shipped,2023-04-17
1934,295,5001,"Wireless Mouse",Electronics,4,15.68,15,"Credit Card",Delivered,2024-02-14
1935,426,5006,"Yoga Mat",Sports,2,23.03,15,"Cash on Delivery",Shipped,2025-11-23
1936,377,5020,"Notebook Set",Stationery,4,6.97,5,"Debit Card",Processing,2024-10-16
1937,44,5006,"Yoga Mat",Sports,5,21.52,20,PayPal,Processing,2024-11-01
1938,115,5006,"Yoga Mat",Sports,4,22.85,20,"Credit Card",Delivered,2025-02-11
1939,102,5018,"Novel - Fiction",Books,5,12.56,0,UPI,Shipped,2024-04-13
1940,77,5002,"Bluetooth Headphones",Electronics,4,45.96,5,"Credit Card",Processing,2026-06-19
1941,223,5006,"Yoga Mat",Sports,5,22.48,0,PayPal,Cancelled,2023-08-29
1942,417,5004,"USB-C Cable",Electronics,2,10.44,0,UPI,Processing,2024-02-21
1943,308,5016,Blender,"Home & Kitchen",4,36.24,5,"Debit Card",Processing,2023-09-24
1944,15,5007,"Running Shoes",Sports,4,66.90,5,UPI,Processing,2024-01-05
1945,351,5008,"Water Bottle",Sports,5,12.34,0,"Cash on Delivery",Cancelled,2025-07-12
1946,499,5003,"Laptop Stand",Electronics,1,31.10,0,"Cash on Delivery",Cancelled,2025-08-18
1947,38,5007,"Running Shoes",Sports,4,65.63,15,"Credit Card",Returned,2025-05-16
1948,182,5002,"Bluetooth Headphones",Electronics,1,45.37,0,"Net Banking",Returned,2024-11-12
1949,155,5002,"Bluetooth Headphones",Electronics,1,46.04,10,PayPal,Processing,2024-06-03
1950,87,5005,"Mechanical Keyboard",Electronics,5,77.43,10,"Net Banking",Cancelled,2023-03-26
1951,272,5011,"Denim Jeans",Clothing,4,39.26,0,PayPal,Shipped,2023-09-28
1952,256,5009,"Dumbbell Set",Sports,1,94.30,0,UPI,Processing,2024-10-03
1953,475,5014,"Coffee Maker","Home & Kitchen",3,51.64,10,UPI,Returned,2024-06-23
1954,252,5011,"Denim Jeans",Clothing,4,40.94,0,"Debit Card",Returned,2023-12-04
1955,94,5015,"Non-stick Pan","Home & Kitchen",1,23.88,0,"Credit Card",Cancelled,2024-01-22
1956,459,5009,"Dumbbell Set",Sports,2,86.53,5,PayPal,Delivered,2025-08-14
1957,58,5015,"Non-stick Pan","Home & Kitchen",3,24.88,5,"Cash on Delivery",Shipped,2026-02-22
1958,93,5004,"USB-C Cable",Electronics,3,10.36,0,"Debit Card",Returned,2023-07-11
1959,498,5009,"Dumbbell Set",Sports,5,90.74,0,"Credit Card",Returned,2026-04-14
1960,256,5019,Cookbook,Books,2,18.51,0,"Cash on Delivery",Delivered,2025-05-02
1961,63,5011,"Denim Jeans",Clothing,1,41.91,15,PayPal,Processing,2024-08-05
1962,236,5019,Cookbook,Books,1,18.10,0,"Cash on Delivery",Cancelled,2024-10-24
1963,497,5015,"Non-stick Pan","Home & Kitchen",3,23.76,15,"Credit Card",Returned,2026-05-01
1964,25,5015,"Non-stick Pan","Home & Kitchen",3,24.27,0,"Cash on Delivery",Processing,2026-03-11
1965,196,5011,"Denim Jeans",Clothing,1,41.80,10,"Credit Card",Cancelled,2023-05-25
1966,46,5009,"Dumbbell Set",Sports,2,93.28,20,"Credit Card",Shipped,2024-05-06
1967,489,5006,"Yoga Mat",Sports,4,22.32,0,"Cash on Delivery",Shipped,2025-04-04
1968,413,5004,"USB-C Cable",Electronics,3,9.92,20,UPI,Returned,2025-10-02
1969,103,5005,"Mechanical Keyboard",Electronics,3,78.93,20,PayPal,Cancelled,2023-07-16
1970,47,5013,Sneakers,Clothing,4,55.55,10,PayPal,Processing,2024-07-03
1971,21,5020,"Notebook Set",Stationery,2,6.94,15,"Net Banking",Processing,2025-06-08
1972,332,5015,"Non-stick Pan","Home & Kitchen",2,25.06,5,"Net Banking",Delivered,2023-11-14
1973,245,5010,"Cotton T-Shirt",Clothing,4,15.60,0,UPI,Shipped,2025-06-14
1974,292,5005,"Mechanical Keyboard",Electronics,3,79.41,10,"Credit Card",Returned,2024-05-24
1975,212,5003,"Laptop Stand",Electronics,1,30.02,0,"Credit Card",Cancelled,2025-11-17
1976,394,5019,Cookbook,Books,3,19.15,0,"Net Banking",Delivered,2024-12-28
1977,202,5004,"USB-C Cable",Electronics,4,9.67,20,"Credit Card",Delivered,2024-01-03
1978,388,5014,"Coffee Maker","Home & Kitchen",3,51.11,10,"Cash on Delivery",Cancelled,2024-10-04
1979,109,5020,"Notebook Set",Stationery,3,7.21,20,"Debit Card",Delivered,2024-11-30
1980,3,5020,"Notebook Set",Stationery,3,7.01,5,PayPal,Delivered,2023-08-06
1981,445,5001,"Wireless Mouse",Electronics,2,16.30,5,"Cash on Delivery",Returned,2025-09-04
1982,185,5016,Blender,"Home & Kitchen",3,36.65,20,"Cash on Delivery",Cancelled,2026-06-20
1983,58,5010,"Cotton T-Shirt",Clothing,1,14.26,0,"Credit Card",Shipped,2023-09-14
1984,124,5001,"Wireless Mouse",Electronics,2,15.42,15,PayPal,Returned,2025-09-12
1985,243,5007,"Running Shoes",Sports,1,64.76,20,PayPal,Delivered,2024-09-08
1986,494,5004,"USB-C Cable",Electronics,2,10.19,15,PayPal,Cancelled,2023-11-09
1987,292,5001,"Wireless Mouse",Electronics,4,15.51,0,PayPal,Delivered,2026-04-13
1988,222,5011,"Denim Jeans",Clothing,1,41.38,15,PayPal,Cancelled,2023-07-30
1989,205,5019,Cookbook,Books,5,18.11,0,PayPal,Returned,2026-02-09
1990,271,5019,Cookbook,Books,5,19.40,0,"Credit Card",Cancelled,2025-09-26
1991,332,5019,Cookbook,Books,3,18.55,0,PayPal,Cancelled,2026-02-07
1992,358,5004,"USB-C Cable",Electronics,4,9.84,15,PayPal,Delivered,2026-06-29
1993,119,5006,"Yoga Mat",Sports,3,21.66,5,"Net Banking",Shipped,2024-01-29
1994,337,5019,Cookbook,Books,3,19.64,20,PayPal,Shipped,2026-05-18
1995,335,5010,"Cotton T-Shirt",Clothing,4,15.65,20,"Cash on Delivery",Processing,2025-05-03
1996,384,5016,Blender,"Home & Kitchen",2,34.23,0,"Credit Card",Cancelled,2026-06-27
1997,52,5005,"Mechanical Keyboard",Electronics,2,80.84,0,PayPal,Cancelled,2024-02-13
1998,10,5010,"Cotton T-Shirt",Clothing,2,14.31,10,UPI,Processing,2024-03-04
1999,258,5012,"Winter Jacket",Clothing,2,103.58,20,"Credit Card",Delivered,2023-12-24
2000,288,5011,"Denim Jeans",Clothing,4,38.90,10,"Debit Card",Cancelled,2023-08-22
